{
    "totalbase": 2,
    "basedata\u0001": {
        "m_Position": {
            "x": 987.599365234375,
            "y": 29.321882247924806,
            "z": -1312.069580078125
        },
        "m_Rotation": {
            "x": 0.0,
            "y": 0.0,
            "z": 0.0
        },
        "m_Scale": {
            "x": 1.0,
            "y": 1.0,
            "z": 1.0
        }
    }
}