{
    "totalbase": 3,
    "basedata\u0001": {
        "m_Position": {
            "x": 589.4237670898438,
            "y": 19.20985984802246,
            "z": -763.9517822265625
        },
        "m_Rotation": {
            "x": 0.0,
            "y": 0.0,
            "z": 0.0
        },
        "m_Scale": {
            "x": 1.0,
            "y": 1.0,
            "z": 1.0
        }
    },
    "basedata\u0002": {
        "m_Position": {
            "x": 748.1512451171875,
            "y": 20.56355857849121,
            "z": -675.56005859375
        },
        "m_Rotation": {
            "x": 0.0,
            "y": 0.0,
            "z": 0.0
        },
        "m_Scale": {
            "x": 1.0,
            "y": 1.0,
            "z": 1.0
        }
    }
}