{
    "totalbunker": 5,
    "bunkerdata\u0001": {
        "m_Position": {
            "x": 234.59042358398438,
            "y": 13.302878379821778,
            "z": -1093.0306396484376
        },
        "m_Rotation": {
            "x": 0.0,
            "y": 0.0,
            "z": 0.0
        },
        "m_Scale": {
            "x": 1.0,
            "y": 1.0,
            "z": 1.0
        }
    },
    "bunkerdata\u0002": {
        "m_Position": {
            "x": 241.4996337890625,
            "y": 17.852590560913087,
            "z": -964.0186767578125
        },
        "m_Rotation": {
            "x": 0.0,
            "y": 0.0,
            "z": 0.0
        },
        "m_Scale": {
            "x": 1.0,
            "y": 1.0,
            "z": 1.0
        }
    },
    "bunkerdata\u0003": {
        "m_Position": {
            "x": 578.0267333984375,
            "y": 10.408588409423829,
            "z": -992.8344116210938
        },
        "m_Rotation": {
            "x": 2.868000030517578,
            "y": 0.0,
            "z": 0.0
        },
        "m_Scale": {
            "x": 1.0,
            "y": 1.0,
            "z": 1.0
        }
    },
    "bunkerdata\u0004": {
        "m_Position": {
            "x": 553.8076782226563,
            "y": 11.046847343444825,
            "z": -895.1815795898438
        },
        "m_Rotation": {
            "x": 2.558000087738037,
            "y": 0.0,
            "z": 0.0
        },
        "m_Scale": {
            "x": 1.0,
            "y": 1.0,
            "z": 1.0
        }
    }
}