{
    "totalbunker": 5,
    "bunkerdata\u0001": {
        "m_Position": {
            "x": 523.5189208984375,
            "y": 20.20020866394043,
            "z": -717.6668090820313
        },
        "m_Rotation": {
            "x": 0.0,
            "y": 0.0,
            "z": 0.0
        },
        "m_Scale": {
            "x": 1.0,
            "y": 1.0,
            "z": 1.0
        }
    },
    "bunkerdata\u0002": {
        "m_Position": {
            "x": 520.560302734375,
            "y": 19.91360092163086,
            "z": -826.747314453125
        },
        "m_Rotation": {
            "x": 0.0,
            "y": 0.0,
            "z": 0.0
        },
        "m_Scale": {
            "x": 1.0,
            "y": 1.0,
            "z": 1.0
        }
    },
    "bunkerdata\u0003": {
        "m_Position": {
            "x": 774.1129150390625,
            "y": 20.902498245239259,
            "z": -740.7244873046875
        },
        "m_Rotation": {
            "x": 2.7909998893737795,
            "y": 0.0,
            "z": 0.0
        },
        "m_Scale": {
            "x": 1.0,
            "y": 1.0,
            "z": 1.0
        }
    },
    "bunkerdata\u0004": {
        "m_Position": {
            "x": 718.734375,
            "y": 19.94336700439453,
            "z": -627.79296875
        },
        "m_Rotation": {
            "x": 2.247999906539917,
            "y": 0.0,
            "z": 0.0
        },
        "m_Scale": {
            "x": 1.0,
            "y": 1.0,
            "z": 1.0
        }
    }
}