{
    "totalbunker": 3,
    "bunkerdata\u0001": {
        "m_Position": {
            "x": 1051.5679931640626,
            "y": 28.20195198059082,
            "z": -1221.84326171875
        },
        "m_Rotation": {
            "x": 1.8600000143051148,
            "y": 0.0,
            "z": 0.0
        },
        "m_Scale": {
            "x": 1.0,
            "y": 1.0,
            "z": 1.0
        }
    },
    "bunkerdata\u0002": {
        "m_Position": {
            "x": 988.6456298828125,
            "y": 17.00505256652832,
            "z": -1213.55029296875
        },
        "m_Rotation": {
            "x": 1.8600000143051148,
            "y": 0.0,
            "z": 0.0
        },
        "m_Scale": {
            "x": 1.0,
            "y": 1.0,
            "z": 1.0
        }
    }
}