{
    "totaldeadtree": 26,
    "deadtreedata\u0001": {
        "m_Position": {
            "x": 1060.2542724609376,
            "y": 34.44099807739258,
            "z": -1284.5369873046876
        },
        "m_Rotation": {
            "x": 0.0,
            "y": 0.0,
            "z": 0.0
        },
        "m_Scale": {
            "x": 1.0,
            "y": 1.0,
            "z": 1.0
        }
    },
    "deadtreedata\u0002": {
        "m_Position": {
            "x": 1064.8363037109376,
            "y": 32.965492248535159,
            "z": -1254.6190185546876
        },
        "m_Rotation": {
            "x": 0.0,
            "y": 0.0,
            "z": 0.0
        },
        "m_Scale": {
            "x": 1.0,
            "y": 1.0,
            "z": 1.0
        }
    },
    "deadtreedata\u0003": {
        "m_Position": {
            "x": 1056.0919189453126,
            "y": 31.34652328491211,
            "z": -1240.9007568359376
        },
        "m_Rotation": {
            "x": 0.0,
            "y": 0.0,
            "z": 0.0
        },
        "m_Scale": {
            "x": 1.0,
            "y": 1.0,
            "z": 1.0
        }
    },
    "deadtreedata\u0004": {
        "m_Position": {
            "x": 1020.2093505859375,
            "y": 24.210290908813478,
            "z": -1236.5880126953126
        },
        "m_Rotation": {
            "x": 0.0,
            "y": 0.0,
            "z": 0.0
        },
        "m_Scale": {
            "x": 1.0,
            "y": 1.0,
            "z": 1.0
        }
    },
    "deadtreedata\u0005": {
        "m_Position": {
            "x": 986.544677734375,
            "y": 17.272247314453126,
            "z": -1233.9095458984376
        },
        "m_Rotation": {
            "x": 0.0,
            "y": 0.0,
            "z": 0.0
        },
        "m_Scale": {
            "x": 1.0,
            "y": 1.0,
            "z": 1.0
        }
    },
    "deadtreedata\u0006": {
        "m_Position": {
            "x": 952.9273681640625,
            "y": 18.934398651123048,
            "z": -1252.7418212890626
        },
        "m_Rotation": {
            "x": 0.0,
            "y": 0.0,
            "z": 0.0
        },
        "m_Scale": {
            "x": 1.0,
            "y": 1.0,
            "z": 1.0
        }
    },
    "deadtreedata\u0007": {
        "m_Position": {
            "x": 946.4358520507813,
            "y": 18.171642303466798,
            "z": -1260.6102294921876
        },
        "m_Rotation": {
            "x": 0.0,
            "y": 0.0,
            "z": 0.0
        },
        "m_Scale": {
            "x": 1.0,
            "y": 1.0,
            "z": 1.0
        }
    },
    "deadtreedata\b": {
        "m_Position": {
            "x": 954.73876953125,
            "y": 15.503927230834961,
            "z": -1220.8121337890626
        },
        "m_Rotation": {
            "x": 0.0,
            "y": 0.0,
            "z": 0.0
        },
        "m_Scale": {
            "x": 1.0,
            "y": 1.0,
            "z": 1.0
        }
    },
    "deadtreedata\t": {
        "m_Position": {
            "x": 964.0830688476563,
            "y": 15.880809783935547,
            "z": -1205.6285400390626
        },
        "m_Rotation": {
            "x": 0.0,
            "y": 0.0,
            "z": 0.0
        },
        "m_Scale": {
            "x": 1.0,
            "y": 1.0,
            "z": 1.0
        }
    },
    "deadtreedata\n": {
        "m_Position": {
            "x": 1020.3272705078125,
            "y": 22.847461700439454,
            "z": -1217.9007568359376
        },
        "m_Rotation": {
            "x": 0.0,
            "y": 0.0,
            "z": 0.0
        },
        "m_Scale": {
            "x": 1.0,
            "y": 1.0,
            "z": 1.0
        }
    },
    "deadtreedata\u000B": {
        "m_Position": {
            "x": 1067.77587890625,
            "y": 28.67763900756836,
            "z": -1214.0770263671876
        },
        "m_Rotation": {
            "x": 0.0,
            "y": 0.0,
            "z": 0.0
        },
        "m_Scale": {
            "x": 1.0,
            "y": 1.0,
            "z": 1.0
        }
    },
    "deadtreedata\f": {
        "m_Position": {
            "x": 1078.6761474609376,
            "y": 28.486221313476564,
            "z": -1204.1170654296876
        },
        "m_Rotation": {
            "x": 0.0,
            "y": 0.0,
            "z": 0.0
        },
        "m_Scale": {
            "x": 1.0,
            "y": 1.0,
            "z": 1.0
        }
    },
    "deadtreedata\r": {
        "m_Position": {
            "x": 1075.546142578125,
            "y": 27.799619674682618,
            "z": -1203.2769775390626
        },
        "m_Rotation": {
            "x": 0.0,
            "y": 0.0,
            "z": 0.0
        },
        "m_Scale": {
            "x": 1.0,
            "y": 1.0,
            "z": 1.0
        }
    },
    "deadtreedata\u000E": {
        "m_Position": {
            "x": 1085.7572021484376,
            "y": 32.694984436035159,
            "z": -1243.6524658203126
        },
        "m_Rotation": {
            "x": 0.0,
            "y": 0.0,
            "z": 0.0
        },
        "m_Scale": {
            "x": 1.0,
            "y": 1.0,
            "z": 1.0
        }
    },
    "deadtreedata\u000F": {
        "m_Position": {
            "x": 1090.961669921875,
            "y": 31.830896377563478,
            "z": -1249.22705078125
        },
        "m_Rotation": {
            "x": 0.0,
            "y": 0.0,
            "z": 0.0
        },
        "m_Scale": {
            "x": 1.0,
            "y": 1.0,
            "z": 1.0
        }
    },
    "deadtreedata\u0010": {
        "m_Position": {
            "x": 1072.2264404296876,
            "y": 29.100622177124025,
            "z": -1230.1561279296876
        },
        "m_Rotation": {
            "x": 0.0,
            "y": 0.0,
            "z": 0.0
        },
        "m_Scale": {
            "x": 1.0,
            "y": 1.0,
            "z": 1.0
        }
    },
    "deadtreedata\u0011": {
        "m_Position": {
            "x": 1036.1566162109376,
            "y": 25.63585662841797,
            "z": -1217.9273681640626
        },
        "m_Rotation": {
            "x": 0.0,
            "y": 0.0,
            "z": 0.0
        },
        "m_Scale": {
            "x": 1.0,
            "y": 1.0,
            "z": 1.0
        }
    },
    "deadtreedata\u0012": {
        "m_Position": {
            "x": 1024.37109375,
            "y": 23.325397491455079,
            "z": -1217.416015625
        },
        "m_Rotation": {
            "x": 0.0,
            "y": 0.0,
            "z": 0.0
        },
        "m_Scale": {
            "x": 1.0,
            "y": 1.0,
            "z": 1.0
        }
    },
    "deadtreedata\u0013": {
        "m_Position": {
            "x": 988.9950561523438,
            "y": 15.712764739990235,
            "z": -1202.1754150390626
        },
        "m_Rotation": {
            "x": 0.0,
            "y": 0.0,
            "z": 0.0
        },
        "m_Scale": {
            "x": 1.0,
            "y": 1.0,
            "z": 1.0
        }
    },
    "deadtreedata\u0014": {
        "m_Position": {
            "x": 980.0555419921875,
            "y": 15.30447769165039,
            "z": -1187.247802734375
        },
        "m_Rotation": {
            "x": 0.0,
            "y": 0.0,
            "z": 0.0
        },
        "m_Scale": {
            "x": 1.0,
            "y": 1.0,
            "z": 1.0
        }
    },
    "deadtreedata\u0015": {
        "m_Position": {
            "x": 975.923583984375,
            "y": 14.930522918701172,
            "z": -1182.313232421875
        },
        "m_Rotation": {
            "x": 0.0,
            "y": 0.0,
            "z": 0.0
        },
        "m_Scale": {
            "x": 1.0,
            "y": 1.0,
            "z": 1.0
        }
    },
    "deadtreedata\u0016": {
        "m_Position": {
            "x": 992.8956298828125,