{
    "totaldeadtree": 21,
    "deadtreedata\u0001": {
        "m_Position": {
            "x": 647.021240234375,
            "y": 18.288562774658204,
            "z": -712.28515625
        },
        "m_Rotation": {
            "x": 0.0,
            "y": 0.0,
            "z": 0.0
        },
        "m_Scale": {
            "x": 1.0,
            "y": 1.0,
            "z": 1.0
        }
    },
    "deadtreedata\u0002": {
        "m_Position": {
            "x": 608.1531982421875,
            "y": 19.245519638061525,
            "z": -685.2276000976563
        },
        "m_Rotation": {
            "x": 0.0,
            "y": 0.0,
            "z": 0.0
        },
        "m_Scale": {
            "x": 1.0,
            "y": 1.0,
            "z": 1.0
        }
    },
    "deadtreedata\u0003": {
        "m_Position": {
            "x": 586.1435546875,
            "y": 18.33203887939453,
            "z": -700.2401123046875
        },
        "m_Rotation": {
            "x": 0.0,
            "y": 0.0,
            "z": 0.0
        },
        "m_Scale": {
            "x": 1.0,
            "y": 1.0,
            "z": 1.0
        }
    },
    "deadtreedata\u0004": {
        "m_Position": {
            "x": 614.8521118164063,
            "y": 17.92009735107422,
            "z": -725.5533447265625
        },
        "m_Rotation": {
            "x": 0.0,
            "y": 0.0,
            "z": 0.0
        },
        "m_Scale": {
            "x": 1.0,
            "y": 1.0,
            "z": 1.0
        }
    },
    "deadtreedata\u0005": {
        "m_Position": {
            "x": 643.8356323242188,
            "y": 18.42546844482422,
            "z": -752.2262573242188
        },
        "m_Rotation": {
            "x": 0.0,
            "y": 0.0,
            "z": 0.0
        },
        "m_Scale": {
            "x": 1.0,
            "y": 1.0,
            "z": 1.0
        }
    },
    "deadtreedata\u0006": {
        "m_Position": {
            "x": 642.1808471679688,
            "y": 20.205156326293947,
            "z": -772.5458984375
        },
        "m_Rotation": {
            "x": 0.0,
            "y": 0.0,
            "z": 0.0
        },
        "m_Scale": {
            "x": 1.0,
            "y": 1.0,
            "z": 1.0
        }
    },
    "deadtreedata\u0007": {
        "m_Position": {
            "x": 632.6553955078125,
            "y": 20.276229858398439,
            "z": -800.35546875
        },
        "m_Rotation": {
            "x": 0.0,
            "y": 0.0,
            "z": 0.0
        },
        "m_Scale": {
            "x": 1.0,
            "y": 1.0,
            "z": 1.0
        }
    },
    "deadtreedata\b": {
        "m_Position": {
            "x": 596.79345703125,
            "y": 18.9755859375,
            "z": -808.930419921875
        },
        "m_Rotation": {
            "x": 0.0,
            "y": 0.0,
            "z": 0.0
        },
        "m_Scale": {
            "x": 1.0,
            "y": 1.0,
            "z": 1.0
        }
    },
    "deadtreedata\t": {
        "m_Position": {
            "x": 577.8568115234375,
            "y": 17.54996681213379,
            "z": -804.7208251953125
        },
        "m_Rotation": {
            "x": 0.0,
            "y": 0.0,
            "z": 0.0
        },
        "m_Scale": {
            "x": 1.0,
            "y": 1.0,
            "z": 1.0
        }
    },
    "deadtreedata\n": {
        "m_Position": {
            "x": 590.073974609375,
            "y": 19.97829246520996,
            "z": -789.861083984375
        },
        "m_Rotation": {
            "x": 0.0,
            "y": 0.0,
            "z": 0.0
        },
        "m_Scale": {
            "x": 1.0,
            "y": 1.0,
            "z": 1.0
        }
    },
    "deadtreedata\u000B": {
        "m_Position": {
            "x": 623.1316528320313,
            "y": 18.95719337463379,
            "z": -769.6911010742188
        },
        "m_Rotation": {
            "x": 0.0,
            "y": 0.0,
            "z": 0.0
        },
        "m_Scale": {
            "x": 1.0,
            "y": 1.0,
            "z": 1.0
        }
    },
    "deadtreedata\f": {
        "m_Position": {
            "x": 605.7568969726563,
            "y": 16.85045051574707,
            "z": -730.53515625
        },
        "m_Rotation": {
            "x": 0.0,
            "y": 0.0,
            "z": 0.0
        },
        "m_Scale": {
            "x": 1.0,
            "y": 1.0,
            "z": 1.0
        }
    },
    "deadtreedata\r": {
        "m_Position": {
            "x": 574.8375244140625,
            "y": 18.997360229492189,
            "z": -726.0947265625
        },
        "m_Rotation": {
            "x": 0.0,
            "y": 0.0,
            "z": 0.0
        },
        "m_Scale": {
            "x": 1.0,
            "y": 1.0,
            "z": 1.0
        }
    },
    "deadtreedata\u000E": {
        "m_Position": {
            "x": 559.971435546875,
            "y": 19.042526245117189,
            "z": -759.5087890625
        },
        "m_Rotation": {
            "x": 0.0,
            "y": 0.0,
            "z": 0.0
        },
        "m_Scale": {
            "x": 1.0,
            "y": 1.0,
            "z": 1.0
        }
    },
    "deadtreedata\u000F": {
        "m_Position": {
            "x": 564.1919555664063,
            "y": 17.88844108581543,
            "z": -779.4624633789063
        },
        "m_Rotation": {
            "x": 0.0,
            "y": 0.0,
            "z": 0.0
        },
        "m_Scale": {
            "x": 1.0,
            "y": 1.0,
            "z": 1.0
        }
    },
    "deadtreedata\u0010": {
        "m_Position": {
            "x": 598.168212890625,
            "y": 13.949913024902344,
            "z": -840.8622436523438
        },
        "m_Rotation": {
            "x": 0.0,
            "y": 0.0,
            "z": 0.0
        },
        "m_Scale": {
            "x": 1.0,
            "y": 1.0,
            "z": 1.0
        }
    },
    "deadtreedata\u0011": {
        "m_Position": {
            "x": 663.0055541992188,
            "y": 16.979089736938478,
            "z": -836.69580078125
        },
        "m_Rotation": {
            "x": 0.0,
            "y": 0.0,
            "z": 0.0
        },
        "m_Scale": {
            "x": 1.0,
            "y": 1.0,
            "z": 1.0
        }
    },
    "deadtreedata\u0012": {
        "m_Position": {
            "x": 668.884521484375,
            "y": 20.72339630126953,
            "z": -798.1610107421875
        },
        "m_Rotation": {
            "x": 0.0,
            "y": 0.0,
            "z": 0.0
        },
        "m_Scale": {
            "x": 1.0,
            "y": 1.0,
            "z": 1.0
        }
    },
    "deadtreedata\u0013": {
        "m_Position": {
            "x": 659.0964965820313,
            "y": 19.814455032348634,
            "z": -725.8323974609375
        },
        "m_Rotation": {
            "x": 0.0,
            "y": 0.0,
            "z": 0.0
        },
        "m_Scale": {
            "x": 1.0,
            "y": 1.0,
            "z": 1.0
        }
    },
    "deadtreedata\u0014": {
        "m_Position": {
            "x": 637.1688232421875,
            "y": 18.348867416381837,
            "z": -714.1270141601563
        },
        "m_Rotation": {
            "x": 0.0,
            "y": 0.0,
            "z": 0.0
        },
        "m_Scale": {
            "x": 1.0,
            "y": 1.0,
            "z": 1.0
        }
    }
}