{
    "totalenemy": 13,
    "enemydata\u0001": {
        "m_Position": {
            "x": 371.36236572265627,
            "y": 12.10669994354248,
            "z": -991.7352294921875
        },
        "m_Rotation": {
            "x": 0.0,
            "y": 0.0,
            "z": 0.0
        },
        "m_Scale": {
            "x": 1.0,
            "y": 1.0,
            "z": 1.0
        }
    },
    "enemydata\u0002": {
        "m_Position": {
            "x": 376.0860290527344,
            "y": 13.094629287719727,
            "z": -1047.1279296875
        },
        "m_Rotation": {
            "x": 0.0,
            "y": 0.0,
            "z": 0.0
        },
        "m_Scale": {
            "x": 1.0,
            "y": 1.0,
            "z": 1.0
        }
    },
    "enemydata\u0003": {
        "m_Position": {
            "x": 377.8564147949219,
            "y": 15.248371124267579,
            "z": -1091.1929931640626
        },
        "m_Rotation": {
            "x": 0.0,
            "y": 0.0,
            "z": 0.0
        },
        "m_Scale": {
            "x": 1.0,
            "y": 1.0,
            "z": 1.0
        }
    },
    "enemydata\u0004": {
        "m_Position": {
            "x": 398.05413818359377,
            "y": 13.645965576171875,
            "z": -1053.9853515625
        },
        "m_Rotation": {
            "x": 0.0,
            "y": 0.0,
            "z": 0.0
        },
        "m_Scale": {
            "x": 1.0,
            "y": 1.0,
            "z": 1.0
        }
    },
    "enemydata\u0005": {
        "m_Position": {
            "x": 392.5705871582031,
            "y": 13.135873794555664,
            "z": -1014.9430541992188
        },
        "m_Rotation": {
            "x": 0.0,
            "y": 0.0,
            "z": 0.0
        },
        "m_Scale": {
            "x": 1.0,
            "y": 1.0,
            "z": 1.0
        }
    },
    "enemydata\u0006": {
        "m_Position": {
            "x": 600.2740478515625,
            "y": 9.008854866027832,
            "z": -938.3191528320313
        },
        "m_Rotation": {
            "x": 0.0,
            "y": 0.0,
            "z": 0.0
        },
        "m_Scale": {
            "x": 1.0,
            "y": 1.0,
            "z": 1.0
        }
    },
    "enemydata\u0007": {
        "m_Position": {
            "x": 611.503173828125,
            "y": 9.34537124633789,
            "z": -877.6382446289063
        },
        "m_Rotation": {
            "x": 0.0,
            "y": 0.0,
            "z": 0.0
        },
        "m_Scale": {
            "x": 1.0,
            "y": 1.0,
            "z": 1.0
        }
    },
    "enemydata\b": {
        "m_Position": {
            "x": 648.8736572265625,
            "y": 13.977973937988282,
            "z": -862.0148315429688
        },
        "m_Rotation": {
            "x": 0.0,
            "y": 0.0,
            "z": 0.0
        },
        "m_Scale": {
            "x": 1.0,
            "y": 1.0,
            "z": 1.0
        }
    },
    "enemydata\t": {
        "m_Position": {
            "x": 620.560302734375,
            "y": 11.110699653625489,
            "z": -936.2102661132813
        },
        "m_Rotation": {
            "x": 0.0,
            "y": 0.0,
            "z": 0.0
        },
        "m_Scale": {
            "x": 1.0,
            "y": 1.0,
            "z": 1.0
        }
    },
    "enemydata\n": {
        "m_Position": {
            "x": 632.4205322265625,
            "y": 17.060815811157228,
            "z": -978.8070678710938
        },
        "m_Rotation": {
            "x": 0.0,
            "y": 0.0,
            "z": 0.0
        },
        "m_Scale": {
            "x": 1.0,
            "y": 1.0,
            "z": 1.0
        }
    },
    "enemydata\u000B": {
        "m_Position": {
            "x": 662.4901123046875,
            "y": 17.39695930480957,
            "z": -966.4673461914063
        },
        "m_Rotation": {
            "x": 0.0,
            "y": 0.0,
            "z": 0.0
        },
        "m_Scale": {
            "x": 1.0,
            "y": 1.0,
            "z": 1.0
        }
    },
    "enemydata\f": {
        "m_Position": {
            "x": 690.3256225585938,
            "y": 14.081740379333496,
            "z": -945.1871337890625
        },
        "m_Rotation": {
            "x": 0.0,
            "y": 0.0,
            "z": 0.0
        },
        "m_Scale": {
            "x": 1.0,
            "y": 1.0,
            "z": 1.0
        }
    }
}