{
    "totalenemy": 13,
    "enemydata\u0001": {
        "m_Position": {
            "x": 593.3121337890625,
            "y": 18.148635864257814,
            "z": -742.9423828125
        },
        "m_Rotation": {
            "x": 0.0,
            "y": 0.0,
            "z": 0.0
        },
        "m_Scale": {
            "x": 1.0,
            "y": 1.0,
            "z": 1.0
        },
        "m_Weapontype": 0
    },
    "enemydata\u0002": {
        "m_Position": {
            "x": 628.8992919921875,
            "y": 20.203418731689454,
            "z": -780.481201171875
        },
        "m_Rotation": {
            "x": 0.0,
            "y": 0.0,
            "z": 0.0
        },
        "m_Scale": {
            "x": 1.0,
            "y": 1.0,
            "z": 1.0
        },
        "m_Weapontype": 0
    },
    "enemydata\u0003": {
        "m_Position": {
            "x": 605.6759643554688,
            "y": 20.381174087524415,
            "z": -802.0599365234375
        },
        "m_Rotation": {
            "x": 0.0,
            "y": 0.0,
            "z": 0.0
        },
        "m_Scale": {
            "x": 1.0,
            "y": 1.0,
            "z": 1.0
        },
        "m_Weapontype": 0
    },
    "enemydata\u0004": {
        "m_Position": {
            "x": 695.6183471679688,
            "y": 15.048704147338868,
            "z": -668.2860107421875
        },
        "m_Rotation": {
            "x": 0.0,
            "y": 0.0,
            "z": 0.0
        },
        "m_Scale": {
            "x": 1.0,
            "y": 1.0,
            "z": 1.0
        },
        "m_Weapontype": 0
    },
    "enemydata\u0005": {
        "m_Position": {
            "x": 743.1506958007813,
            "y": 20.033668518066408,
            "z": -648.3131103515625
        },
        "m_Rotation": {
            "x": 0.0,
            "y": 0.0,
            "z": 0.0
        },
        "m_Scale": {
            "x": 1.0,
            "y": 1.0,
            "z": 1.0
        },
        "m_Weapontype": 0
    },
    "enemydata\u0006": {
        "m_Position": {
            "x": 703.0481567382813,
            "y": 16.31511116027832,
            "z": -661.865478515625
        },
        "m_Rotation": {
            "x": 0.0,
            "y": 0.0,
            "z": 0.0
        },
        "m_Scale": {
            "x": 1.0,
            "y": 1.0,
            "z": 1.0
        },
        "m_Weapontype": 0
    },
    "enemydata\u0007": {
        "m_Position": {
            "x": 703.4209594726563,
            "y": 18.664506912231447,
            "z": -690.7984619140625
        },
        "m_Rotation": {
            "x": 0.0,
            "y": 0.0,
            "z": 0.0
        },
        "m_Scale": {
            "x": 1.0,
            "y": 1.0,
            "z": 1.0
        },
        "m_Weapontype": 0
    },
    "enemydata\b": {
        "m_Position": {
            "x": 711.05908203125,
            "y": 20.564773559570314,
            "z": -706.897216796875
        },
        "m_Rotation": {
            "x": 0.0,
            "y": 0.0,
            "z": 0.0
        },
        "m_Scale": {
            "x": 1.0,
            "y": 1.0,
            "z": 1.0
        },
        "m_Weapontype": 0
    },
    "enemydata\t": {
        "m_Position": {
            "x": 745.1891479492188,
            "y": 19.073131561279298,
            "z": -713.8646850585938
        },
        "m_Rotation": {
            "x": 0.0,
            "y": 0.0,
            "z": 0.0
        },
        "m_Scale": {
            "x": 1.0,
            "y": 1.0,
            "z": 1.0
        },
        "m_Weapontype": 0
    },
    "enemydata\n": {
        "m_Position": {
            "x": 764.1828002929688,
            "y": 20.63421058654785,
            "z": -710.6799926757813
        },
        "m_Rotation": {
            "x": 0.0,
            "y": 0.0,
            "z": 0.0
        },
        "m_Scale": {
            "x": 1.0,
            "y": 1.0,
            "z": 1.0
        },
        "m_Weapontype": 0
    },
    "enemydata\u000B": {
        "m_Position": {
            "x": 771.052734375,
            "y": 21.767852783203126,
            "z": -703.3466796875
        },
        "m_Rotation": {
            "x": 0.0,
            "y": 0.0,
            "z": 0.0
        },
        "m_Scale": {
            "x": 1.0,
            "y": 1.0,
            "z": 1.0
        },
        "m_Weapontype": 0
    },
    "enemydata\f": {
        "m_Position": {
            "x": 784.9822998046875,
            "y": 21.86261749267578,
            "z": -697.78369140625
        },
        "m_Rotation": {
            "x": 0.0,
            "y": 0.0,
            "z": 0.0
        },
        "m_Scale": {
            "x": 1.0,
            "y": 1.0,
            "z": 1.0
        },
        "m_Weapontype": 0
    }
}