{
    "totalenemy": 21,
    "enemydata\u0001": {
        "m_Position": {
            "x": 1039.7054443359376,
            "y": 31.137828826904298,
            "z": -1272.8072509765626
        },
        "m_Rotation": {
            "x": 0.0,
            "y": 0.0,
            "z": 0.0
        },
        "m_Scale": {
            "x": 1.0,
            "y": 1.0,
            "z": 1.0
        },
        "m_Weapontype": 0
    },
    "enemydata\u0002": {
        "m_Position": {
            "x": 1027.3349609375,
            "y": 28.003684997558595,
            "z": -1273.4132080078126
        },
        "m_Rotation": {
            "x": 0.0,
            "y": 0.0,
            "z": 0.0
        },
        "m_Scale": {
            "x": 1.0,
            "y": 1.0,
            "z": 1.0
        },
        "m_Weapontype": 0
    },
    "enemydata\u0003": {
        "m_Position": {
            "x": 1014.5424194335938,
            "y": 28.026275634765626,
            "z": -1268.833984375
        },
        "m_Rotation": {
            "x": 0.0,
            "y": 0.0,
            "z": 0.0
        },
        "m_Scale": {
            "x": 1.0,
            "y": 1.0,
            "z": 1.0
        },
        "m_Weapontype": 0
    },
    "enemydata\u0004": {
        "m_Position": {
            "x": 999.3320922851563,
            "y": 25.6104736328125,
            "z": -1268.4947509765626
        },
        "m_Rotation": {
            "x": 0.0,
            "y": 0.0,
            "z": 0.0
        },
        "m_Scale": {
            "x": 1.0,
            "y": 1.0,
            "z": 1.0
        },
        "m_Weapontype": 0
    },
    "enemydata\u0005": {
        "m_Position": {
            "x": 984.0335693359375,
            "y": 24.086610794067384,
            "z": -1267.3839111328126
        },
        "m_Rotation": {
            "x": 0.0,
            "y": 0.0,
            "z": 0.0
        },
        "m_Scale": {
            "x": 1.0,
            "y": 1.0,
            "z": 1.0
        },
        "m_Weapontype": 0
    },
    "enemydata\u0006": {
        "m_Position": {
            "x": 966.0321044921875,
            "y": 20.15767478942871,
            "z": -1265.1634521484376
        },
        "m_Rotation": {
            "x": 0.0,
            "y": 0.0,
            "z": 0.0
        },
        "m_Scale": {
            "x": 1.0,
            "y": 1.0,
            "z": 1.0
        },
        "m_Weapontype": 0
    },
    "enemydata\u0007": {
        "m_Position": {
            "x": 967.9384765625,
            "y": 21.98849105834961,
            "z": -1278.03955078125
        },
        "m_Rotation": {
            "x": 0.0,
            "y": 0.0,
            "z": 0.0
        },
        "m_Scale": {
            "x": 1.0,
            "y": 1.0,
            "z": 1.0
        },
        "m_Weapontype": 0
    },
    "enemydata\b": {
        "m_Position": {
            "x": 985.8489990234375,
            "y": 25.333606719970704,
            "z": -1277.2911376953126
        },
        "m_Rotation": {
            "x": 0.0,
            "y": 0.0,
            "z": 0.0
        },
        "m_Scale": {
            "x": 1.0,
            "y": 1.0,
            "z": 1.0
        },
        "m_Weapontype": 0
    },
    "enemydata\t": {
        "m_Position": {
            "x": 1003.2427978515625,
            "y": 28.012847900390626,
            "z": -1279.518798828125
        },
        "m_Rotation": {
            "x": 0.0,
            "y": 0.0,
            "z": 0.0
        },
        "m_Scale": {
            "x": 1.0,
            "y": 1.0,
            "z": 1.0
        },
        "m_Weapontype": 0
    },
    "enemydata\n": {
        "m_Position": {
            "x": 1018.2850341796875,
            "y": 30.331003189086915,
            "z": -1281.6402587890626
        },
        "m_Rotation": {
            "x": 0.0,
            "y": 0.0,
            "z": 0.0
        },
        "m_Scale": {
            "x": 1.0,
            "y": 1.0,
            "z": 1.0
        },
        "m_Weapontype": 0
    },
    "enemydata\u000B": {
        "m_Position": {
            "x": 1025.459716796875,
            "y": 31.124113082885743,
            "z": -1285.485107421875
        },
        "m_Rotation": {
            "x": 0.0,
            "y": 0.0,
            "z": 0.0
        },
        "m_Scale": {
            "x": 1.0,
            "y": 1.0,
            "z": 1.0
        },
        "m_Weapontype": 0
    },
    "enemydata\f": {
        "m_Position": {
            "x": 1037.30126953125,
            "y": 32.36054611206055,
            "z": -1289.858642578125
        },
        "m_Rotation": {
            "x": 0.0,
            "y": 0.0,
            "z": 0.0
        },
        "m_Scale": {
            "x": 1.0,
            "y": 1.0,
            "z": 1.0
        },
        "m_Weapontype": 0
    },
    "enemydata\r": {
        "m_Position": {
            "x": 1034.5364990234376,
            "y": 32.84912109375,
            "z": -1294.4493408203126
        },
        "m_Rotation": {
            "x": 0.0,
            "y": 0.0,
            "z": 0.0
        },
        "m_Scale": {
            "x": 1.0,
            "y": 1.0,
            "z": 1.0
        },
        "m_Weapontype": 0
    },
    "enemydata\u000E": {
        "m_Position": {
            "x": 1023.0341796875,
            "y": 32.179466247558597,
            "z": -1295.6229248046876
        },
        "m_Rotation": {
            "x": 0.0,
            "y": 0.0,
            "z": 0.0
        },
        "m_Scale": {
            "x": 1.0,
            "y": 1.0,
            "z": 1.0
        },
        "m_Weapontype": 0
    },
    "enemydata\u000F": {
        "m_Position": {
            "x": 1008.917236328125,
            "y": 31.24868392944336,
            "z": -1291.2840576171876
        },
        "m_Rotation": {
            "x": 0.0,
            "y": 0.0,
            "z": 0.0
        },
        "m_Scale": {
            "x": 1.0,
            "y": 1.0,
            "z": 1.0
        },
        "m_Weapontype": 0
    },
    "enemydata\u0010": {
        "m_Position": {
            "x": 994.6512451171875,
            "y": 29.831722259521486,
            "z": -1289.92138671875
        },
        "m_Rotation": {
            "x": 0.0,
            "y": 0.0,
            "z": 0.0
        },
        "m_Scale": {
            "x": 1.0,
            "y": 1.0,
            "z": 1.0
        },
        "m_Weapontype": 0
    },
    "enemydata\u0011": {
        "m_Position": {
            "x": 977.8231201171875,
            "y": 26.758882522583009,
            "z": -1290.1129150390626
        },
        "m_Rotation": {
            "x": 0.0,
            "y": 0.0,
            "z": 0.0
        },
        "m_Scale": {
            "x": 1.0,
            "y": 1.0,
            "z": 1.0
        },
        "m_Weapontype": 0
    },
    "enemydata\u0012": {
        "m_Position": {
            "x": 962.11376953125,
            "y": 23.0788516998291,
            "z": -1287.8062744140626
        },
        "m_Rotation": {
            "x": 0.0,
            "y": 0.0,
            "z": 0.0
        },
        "m_Scale": {
            "x": 1.0,
            "y": 1.0,
            "z": 1.0
        },
        "m_Weapontype": 0
    },
    "enemydata\u0013": {
        "m_Position": {
            "x": 992.1339111328125,
            "y": 28.755685806274415,
            "z": -1285.10107421875
        },
        "m_Rotation": {
            "x": 0.0,
            "y": 0.0,
            "z": 0.0
        },
        "m_Scale": {
            "x": 1.0,
            "y": 1.0,
            "z": 1.0
        },
        "m_Weapontype": 0
    },
    "enemydata\u0014": {
        "m_Position": {
            "x": 1005.9879150390625,
            "y": 30.27921485900879,
            "z": -1286.4117431640626
        },
        "m_Rotation": {
            "x": 0.0,
            "y": 0.0,
            "z": 0.0
        },
        "m_Scale": {
            "x": 1.0,
            "y": 1.0,
            "z": 1.0
        },
        "m_Weapontype": 0
    }
}