{
    "totalfriend": 21,
    "frienddata\u0001": {
        "m_Position": {
            "x": 1013.9910888671875,
            "y": 19.40741729736328,
            "z": -1203.0528564453126
        },
        "m_Rotation": {
            "x": 0.0,
            "y": 0.0,
            "z": 0.0
        },
        "m_Scale": {
            "x": 1.0,
            "y": 1.0,
            "z": 1.0
        },
        "m_Weapontype": 0
    },
    "frienddata\u0002": {
        "m_Position": {
            "x": 1007.2117919921875,
            "y": 18.728763580322267,
            "z": -1201.7999267578126
        },
        "m_Rotation": {
            "x": 0.0,
            "y": 0.0,
            "z": 0.0
        },
        "m_Scale": {
            "x": 1.0,
            "y": 1.0,
            "z": 1.0
        },
        "m_Weapontype": 0
    },
    "frienddata\u0003": {
        "m_Position": {
            "x": 999.7936401367188,
            "y": 16.956636428833009,
            "z": -1199.8775634765626
        },
        "m_Rotation": {
            "x": 0.0,
            "y": 0.0,
            "z": 0.0
        },
        "m_Scale": {
            "x": 1.0,
            "y": 1.0,
            "z": 1.0
        },
        "m_Weapontype": 0
    },
    "frienddata\u0004": {
        "m_Position": {
            "x": 1028.9666748046876,
            "y": 21.92515754699707,
            "z": -1204.4937744140626
        },
        "m_Rotation": {
            "x": 0.0,
            "y": 0.0,
            "z": 0.0
        },
        "m_Scale": {
            "x": 1.0,
            "y": 1.0,
            "z": 1.0
        },
        "m_Weapontype": 0
    },
    "frienddata\u0005": {
        "m_Position": {
            "x": 1035.5731201171876,
            "y": 22.291061401367189,
            "z": -1205.8150634765626
        },
        "m_Rotation": {
            "x": 0.0,
            "y": 0.0,
            "z": 0.0
        },
        "m_Scale": {
            "x": 1.0,
            "y": 1.0,
            "z": 1.0
        },
        "m_Weapontype": 0
    },
    "frienddata\u0006": {
        "m_Position": {
            "x": 1042.5299072265626,
            "y": 23.330190658569337,
            "z": -1207.2664794921876
        },
        "m_Rotation": {
            "x": 0.0,
            "y": 0.0,
            "z": 0.0
        },
        "m_Scale": {
            "x": 1.0,
            "y": 1.0,
            "z": 1.0
        },
        "m_Weapontype": 0
    },
    "frienddata\u0007": {
        "m_Position": {
            "x": 1040.287109375,
            "y": 21.398513793945314,
            "z": -1201.1729736328126
        },
        "m_Rotation": {
            "x": 0.0,
            "y": 0.0,
            "z": 0.0
        },
        "m_Scale": {
            "x": 1.0,
            "y": 1.0,
            "z": 1.0
        },
        "m_Weapontype": 0
    },
    "frienddata\b": {
        "m_Position": {
            "x": 1035.85107421875,
            "y": 21.169723510742189,
            "z": -1199.9000244140626
        },
        "m_Rotation": {
            "x": 0.0,
            "y": 0.0,
            "z": 0.0
        },
        "m_Scale": {
            "x": 1.0,
            "y": 1.0,
            "z": 1.0
        },
        "m_Weapontype": 0
    },
    "frienddata\t": {
        "m_Position": {
            "x": 1014.8612060546875,
            "y": 18.980594635009767,
            "z": -1195.690673828125
        },
        "m_Rotation": {
            "x": 0.0,
            "y": 0.0,
            "z": 0.0
        },
        "m_Scale": {
            "x": 1.0,
            "y": 1.0,
            "z": 1.0
        },
        "m_Weapontype": 0
    },
    "frienddata\n": {
        "m_Position": {
            "x": 1001.9791870117188,
            "y": 16.919239044189454,
            "z": -1193.9654541015626
        },
        "m_Rotation": {
            "x": 0.0,
            "y": 0.0,
            "z": 0.0
        },
        "m_Scale": {
            "x": 1.0,
            "y": 1.0,
            "z": 1.0
        },
        "m_Weapontype": 0
    },
    "frienddata\u000B": {
        "m_Position": {
            "x": 1050.78369140625,
            "y": 23.918338775634767,
            "z": -1202.4024658203126
        },
        "m_Rotation": {
            "x": 0.0,
            "y": 0.0,
            "z": 0.0
        },
        "m_Scale": {
            "x": 1.0,
            "y": 1.0,
            "z": 1.0
        },
        "m_Weapontype": 0
    },
    "frienddata\f": {
        "m_Position": {
            "x": 1051.742919921875,
            "y": 24.954835891723634,
            "z": -1207.7679443359376
        },
        "m_Rotation": {
            "x": 0.0,
            "y": 0.0,
            "z": 0.0
        },
        "m_Scale": {
            "x": 1.0,
            "y": 1.0,
            "z": 1.0
        },
        "m_Weapontype": 0
    },
    "frienddata\r": {
        "m_Position": {
            "x": 990.870361328125,
            "y": 15.29854965209961,
            "z": -1198.2451171875
        },
        "m_Rotation": {
            "x": 0.0,
            "y": 0.0,
            "z": 0.0
        },
        "m_Scale": {
            "x": 1.0,
            "y": 1.0,
            "z": 1.0
        },
        "m_Weapontype": 0
    },
    "frienddata\u000E": {
        "m_Position": {
            "x": 992.8211669921875,
            "y": 15.337706565856934,
            "z": -1194.22412109375
        },
        "m_Rotation": {
            "x": 0.0,
            "y": 0.0,
            "z": 0.0
        },
        "m_Scale": {
            "x": 1.0,
            "y": 1.0,
            "z": 1.0
        },
        "m_Weapontype": 0
    },
    "frienddata\u000F": {
        "m_Position": {
            "x": 1047.251953125,
            "y": 22.32859230041504,
            "z": -1197.22802734375
        },
        "m_Rotation": {
            "x": 0.0,
            "y": 0.0,
            "z": 0.0
        },
        "m_Scale": {
            "x": 1.0,
            "y": 1.0,
            "z": 1.0
        },
        "m_Weapontype": 0
    },
    "frienddata\u0010": {
        "m_Position": {
            "x": 1040.171142578125,
            "y": 21.38729476928711,
            "z": -1195.557861328125
        },
        "m_Rotation": {
            "x": 0.0,
            "y": 0.0,
            "z": 0.0
        },
        "m_Scale": {
            "x": 1.0,
            "y": 1.0,
            "z": 1.0
        },
        "m_Weapontype": 0
    },
    "frienddata\u0011": {
        "m_Position": {
            "x": 1031.1763916015626,
            "y": 20.07931900024414,
            "z": -1193.3719482421876
        },
        "m_Rotation": {
            "x": 0.0,
            "y": 0.0,
            "z": 0.0
        },
        "m_Scale": {
            "x": 1.0,
            "y": 1.0,
            "z": 1.0
        },
        "m_Weapontype": 0
    },
    "frienddata\u0012": {
        "m_Position": {
            "x": 1022.4052734375,
            "y": 19.3081111907959,
            "z": -1190.178466796875
        },
        "m_Rotation": {
            "x": 0.0,
            "y": 0.0,
            "z": 0.0
        },
        "m_Scale": {
            "x": 1.0,
            "y": 1.0,
            "z": 1.0
        },
        "m_Weapontype": 0
    },
    "frienddata\u0013": {
        "m_Position": {
            "x": 1012.603515625,
            "y": 18.37843132019043,
            "z": -1188.625244140625
        },
        "m_Rotation": {
            "x": 0.0,
            "y": 0.0,
            "z": 0.0
        },
        "m_Scale": {
            "x": 1.0,
            "y": 1.0,
            "z": 1.0
        },
        "m_Weapontype": 0
    },
    "frienddata\u0014": {
        "m_Position": {
            "x": 1003.5589599609375,
            "y": 16.235563278198243,
            "z": -1187.689697265625
        },
        "m_Rotation": {
            "x": 0.0,
            "y": 0.0,
            "z": 0.0
        },
        "m_Scale": {
            "x": 1.0,
            "y": 1.0,
            "z": 1.0
        },
        "m_Weapontype": 0
    }
}