{
    "playerdata": {
        "m_Position": {
            "x": 489.5478515625,
            "y": 17.9913387298584,
            "z": -756.254638671875
        },
        "m_Rotation": {
            "x": 0.0,
            "y": 0.0,
            "z": 0.0
        },
        "m_Scale": {
            "x": 1.0,
            "y": 1.0,
            "z": 1.0
        },
        "m_Weapontype": 0
    }
}