{
    "totaltree": 51,
    "treedata\u0001": {
        "m_Position": {
            "x": 1004.9501342773438,
            "y": 16.708751678466798,
            "z": -1161.9971923828126
        },
        "m_Rotation": {
            "x": 0.0,
            "y": 0.0,
            "z": 0.0
        },
        "m_Scale": {
            "x": 5.0,
            "y": 5.0,
            "z": 5.0
        }
    },
    "treedata\u0002": {
        "m_Position": {
            "x": 1046.461181640625,
            "y": 23.06733512878418,
            "z": -1162.7178955078126
        },
        "m_Rotation": {
            "x": 0.0,
            "y": 0.0,
            "z": 0.0
        },
        "m_Scale": {
            "x": 5.0,
            "y": 5.0,
            "z": 5.0
        }
    },
    "treedata\u0003": {
        "m_Position": {
            "x": 1084.671630859375,
            "y": 28.938297271728517,
            "z": -1175.2130126953126
        },
        "m_Rotation": {
            "x": 0.0,
            "y": 0.0,
            "z": 0.0
        },
        "m_Scale": {
            "x": 5.0,
            "y": 5.0,
            "z": 5.0
        }
    },
    "treedata\u0004": {
        "m_Position": {
            "x": 1065.5126953125,
            "y": 26.215850830078126,
            "z": -1189.5745849609376
        },
        "m_Rotation": {
            "x": 0.0,
            "y": 0.0,
            "z": 0.0
        },
        "m_Scale": {
            "x": 5.0,
            "y": 5.0,
            "z": 5.0
        }
    },
    "treedata\u0005": {
        "m_Position": {
            "x": 1066.6514892578126,
            "y": 25.593873977661134,
            "z": -1172.9278564453126
        },
        "m_Rotation": {
            "x": 0.0,
            "y": 0.0,
            "z": 0.0
        },
        "m_Scale": {
            "x": 5.0,
            "y": 5.0,
            "z": 5.0
        }
    },
    "treedata\u0006": {
        "m_Position": {
            "x": 1068.718017578125,
            "y": 25.293781280517579,
            "z": -1160.1514892578126
        },
        "m_Rotation": {
            "x": 0.0,
            "y": 0.0,
            "z": 0.0
        },
        "m_Scale": {
            "x": 5.0,
            "y": 5.0,
            "z": 5.0
        }
    },
    "treedata\u0007": {
        "m_Position": {
            "x": 1042.577880859375,
            "y": 21.60982322692871,
            "z": -1148.3087158203126
        },
        "m_Rotation": {
            "x": 0.0,
            "y": 0.0,
            "z": 0.0
        },
        "m_Scale": {
            "x": 5.0,
            "y": 5.0,
            "z": 5.0
        }
    },
    "treedata\b": {
        "m_Position": {
            "x": 1019.812744140625,
            "y": 17.859031677246095,
            "z": -1152.1358642578126
        },
        "m_Rotation": {
            "x": 0.0,
            "y": 0.0,
            "z": 0.0
        },
        "m_Scale": {
            "x": 5.0,
            "y": 5.0,
            "z": 5.0
        }
    },
    "treedata\t": {
        "m_Position": {
            "x": 1016.1614990234375,
            "y": 18.256607055664064,
            "z": -1165.174560546875
        },
        "m_Rotation": {
            "x": 0.0,
            "y": 0.0,
            "z": 0.0
        },
        "m_Scale": {
            "x": 5.0,
            "y": 5.0,
            "z": 5.0
        }
    },
    "treedata\n": {
        "m_Position": {
            "x": 1044.151123046875,
            "y": 24.01527214050293,
            "z": -1174.2974853515626
        },
        "m_Rotation": {
            "x": 0.0,
            "y": 0.0,
            "z": 0.0
        },
        "m_Scale": {
            "x": 5.0,
            "y": 5.0,
            "z": 5.0
        }
    },
    "treedata\u000B": {
        "m_Position": {
            "x": 1090.552978515625,
            "y": 31.148563385009767,
            "z": -1190.1104736328126
        },
        "m_Rotation": {
            "x": 0.0,
            "y": 0.0,
            "z": 0.0
        },
        "m_Scale": {
            "x": 5.0,
            "y": 5.0,
            "z": 5.0
        }
    },
    "treedata\f": {
        "m_Position": {
            "x": 1096.776123046875,
            "y": 32.30455017089844,
            "z": -1221.2921142578126
        },
        "m_Rotation": {
            "x": 0.0,
            "y": 0.0,
            "z": 0.0
        },
        "m_Scale": {
            "x": 5.0,
            "y": 5.0,
            "z": 5.0
        }
    },
    "treedata\r": {
        "m_Position": {
            "x": 1097.820068359375,
            "y": 33.72730255126953,
            "z": -1243.8629150390626
        },
        "m_Rotation": {
            "x": 0.0,
            "y": 0.0,
            "z": 0.0
        },
        "m_Scale": {
            "x": 5.0,
            "y": 5.0,
            "z": 5.0
        }
    },
    "treedata\u000E": {
        "m_Position": {
            "x": 1092.628662109375,
            "y": 36.302452087402347,
            "z": -1274.1568603515626
        },
        "m_Rotation": {
            "x": 0.0,
            "y": 0.0,
            "z": 0.0
        },
        "m_Scale": {
            "x": 5.0,
            "y": 5.0,
            "z": 5.0
        }
    },
    "treedata\u000F": {
        "m_Position": {
            "x": 1079.8529052734376,
            "y": 37.29486083984375,
            "z": -1291.0406494140626
        },
        "m_Rotation": {
            "x": 0.0,
            "y": 0.0,
            "z": 0.0
        },
        "m_Scale": {
            "x": 5.0,
            "y": 5.0,
            "z": 5.0
        }
    },
    "treedata\u0010": {
        "m_Position": {
            "x": 1045.7803955078126,
            "y": 38.917144775390628,
            "z": -1310.40966796875
        },
        "m_Rotation": {
            "x": 0.0,
            "y": 0.0,
            "z": 0.0
        },
        "m_Scale": {
            "x": 5.0,
            "y": 5.0,
            "z": 5.0
        }
    },
    "treedata\u0011": {
        "m_Position": {
            "x": 1018.899658203125,
            "y": 38.751468658447269,
            "z": -1325.8394775390626
        },
        "m_Rotation": {
            "x": 0.0,
            "y": 0.0,
            "z": 0.0
        },
        "m_Scale": {
            "x": 5.0,
            "y": 5.0,
            "z": 5.0
        }
    },
    "treedata\u0012": {
        "m_Position": {
            "x": 960.725830078125,
            "y": 32.61979675292969,
            "z": -1323.7843017578126
        },
        "m_Rotation": {
            "x": 0.0,
            "y": 0.0,
            "z": 0.0
        },
        "m_Scale": {
            "x": 5.0,
            "y": 5.0,
            "z": 5.0
        }
    },
    "treedata\u0013": {
        "m_Position": {
            "x": 942.6427001953125,
            "y": 25.207210540771486,
            "z": -1303.679931640625
        },
        "m_Rotation": {
            "x": 0.0,
            "y": 0.0,
            "z": 0.0
        },
        "m_Scale": {
            "x": 5.0,
            "y": 5.0,
            "z": 5.0
        }
    },
    "treedata\u0014": {
        "m_Position": {
            "x": 922.720947265625,
            "y": 22.304439544677736,
            "z": -1279.8455810546876
        },
        "m_Rotation": {
            "x": 0.0,
            "y": 0.0,
            "z": 0.0
        },
        "m_Scale": {
            "x": 5.0,
            "y": 5.0,
            "z": 5.0
        }
    },
    "treedata\u0015": {
        "m_Position": {
            "x": 921.2162475585938,
            "y": 21.460769653320314,
            "z": -1274.3966064453126
        },
        "m_Rotation": {
            "x": 0.0,
            "y": 0.0,
            "z": 0.0
        },
        "m_Scale": {
            "x": 5.0,
            "y": 5.0,
            "z": 5.0
        }
    },
    "treedata\u0016": {
        "m_Position": {
            "x": 929.0348510742188,
            "y": 17.242408752441408,
            "z": -1247.768310546875
        },