{
    "totaltree": 29,
    "treedata\u0001": {
        "m_Position": {
            "x": 448.55908203125,
            "y": 21.13804817199707,
            "z": -730.683349609375
        },
        "m_Rotation": {
            "x": 0.0,
            "y": 0.0,
            "z": 0.0
        },
        "m_Scale": {
            "x": 5.0,
            "y": 5.0,
            "z": 5.0
        }
    },
    "treedata\u0002": {
        "m_Position": {
            "x": 450.5810546875,
            "y": 21.015140533447267,
            "z": -755.904296875
        },
        "m_Rotation": {
            "x": 0.0,
            "y": 0.0,
            "z": 0.0
        },
        "m_Scale": {
            "x": 5.0,
            "y": 5.0,
            "z": 5.0
        }
    },
    "treedata\u0003": {
        "m_Position": {
            "x": 447.58477783203127,
            "y": 20.149539947509767,
            "z": -775.720458984375
        },
        "m_Rotation": {
            "x": 0.0,
            "y": 0.0,
            "z": 0.0
        },
        "m_Scale": {
            "x": 5.0,
            "y": 5.0,
            "z": 5.0
        }
    },
    "treedata\u0004": {
        "m_Position": {
            "x": 430.8656921386719,
            "y": 19.390522003173829,
            "z": -774.8683471679688
        },
        "m_Rotation": {
            "x": 0.0,
            "y": 0.0,
            "z": 0.0
        },
        "m_Scale": {
            "x": 5.0,
            "y": 5.0,
            "z": 5.0
        }
    },
    "treedata\u0005": {
        "m_Position": {
            "x": 410.9913330078125,
            "y": 19.041324615478517,
            "z": -740.8414306640625
        },
        "m_Rotation": {
            "x": 0.0,
            "y": 0.0,
            "z": 0.0
        },
        "m_Scale": {
            "x": 5.0,
            "y": 5.0,
            "z": 5.0
        }
    },
    "treedata\u0006": {
        "m_Position": {
            "x": 413.9571838378906,
            "y": 22.127525329589845,
            "z": -712.3916015625
        },
        "m_Rotation": {
            "x": 0.0,
            "y": 0.0,
            "z": 0.0
        },
        "m_Scale": {
            "x": 5.0,
            "y": 5.0,
            "z": 5.0
        }
    },
    "treedata\u0007": {
        "m_Position": {
            "x": 469.7410888671875,
            "y": 21.064754486083986,
            "z": -713.43701171875
        },
        "m_Rotation": {
            "x": 0.0,
            "y": 0.0,
            "z": 0.0
        },
        "m_Scale": {
            "x": 5.0,
            "y": 5.0,
            "z": 5.0
        }
    },
    "treedata\b": {
        "m_Position": {
            "x": 466.18316650390627,
            "y": 21.821063995361329,
            "z": -726.9861450195313
        },
        "m_Rotation": {
            "x": 0.0,
            "y": 0.0,
            "z": 0.0
        },
        "m_Scale": {
            "x": 5.0,
            "y": 5.0,
            "z": 5.0
        }
    },
    "treedata\t": {
        "m_Position": {
            "x": 473.08734130859377,
            "y": 19.655471801757814,
            "z": -781.86572265625
        },
        "m_Rotation": {
            "x": 0.0,
            "y": 0.0,
            "z": 0.0
        },
        "m_Scale": {
            "x": 5.0,
            "y": 5.0,
            "z": 5.0
        }
    },
    "treedata\n": {
        "m_Position": {
            "x": 467.94140625,
            "y": 19.545679092407228,
            "z": -802.00146484375
        },
        "m_Rotation": {
            "x": 0.0,
            "y": 0.0,
            "z": 0.0
        },
        "m_Scale": {
            "x": 5.0,
            "y": 5.0,
            "z": 5.0
        }
    },
    "treedata\u000B": {
        "m_Position": {
            "x": 436.80389404296877,
            "y": 21.64148712158203,
            "z": -806.977294921875
        },
        "m_Rotation": {
            "x": 0.0,
            "y": 0.0,
            "z": 0.0
        },
        "m_Scale": {
            "x": 5.0,
            "y": 5.0,
            "z": 5.0
        }
    },
    "treedata\f": {
        "m_Position": {
            "x": 417.1634826660156,
            "y": 21.65102767944336,
            "z": -788.3522338867188
        },
        "m_Rotation": {
            "x": 0.0,
            "y": 0.0,
            "z": 0.0
        },
        "m_Scale": {
            "x": 5.0,
            "y": 5.0,
            "z": 5.0
        }
    },
    "treedata\r": {
        "m_Position": {
            "x": 405.28802490234377,
            "y": 19.589765548706056,
            "z": -771.168212890625
        },
        "m_Rotation": {
            "x": 0.0,
            "y": 0.0,
            "z": 0.0
        },
        "m_Scale": {
            "x": 5.0,
            "y": 5.0,
            "z": 5.0
        }
    },
    "treedata\u000E": {
        "m_Position": {
            "x": 420.2131652832031,
            "y": 18.796422958374025,
            "z": -746.6100463867188
        },
        "m_Rotation": {
            "x": 0.0,
            "y": 0.0,
            "z": 0.0
        },
        "m_Scale": {
            "x": 5.0,
            "y": 5.0,
            "z": 5.0
        }
    },
    "treedata\u000F": {
        "m_Position": {
            "x": 425.2448425292969,
            "y": 23.095138549804689,
            "z": -716.6046752929688
        },
        "m_Rotation": {
            "x": 0.0,
            "y": 0.0,
            "z": 0.0
        },
        "m_Scale": {
            "x": 5.0,
            "y": 5.0,
            "z": 5.0
        }
    },
    "treedata\u0010": {
        "m_Position": {
            "x": 445.1837158203125,
            "y": 21.99858856201172,
            "z": -693.783935546875
        },
        "m_Rotation": {
            "x": 0.0,
            "y": 0.0,
            "z": 0.0
        },
        "m_Scale": {
            "x": 5.0,
            "y": 5.0,
            "z": 5.0
        }
    },
    "treedata\u0011": {
        "m_Position": {
            "x": 465.8421325683594,
            "y": 22.657573699951173,
            "z": -696.5311279296875
        },
        "m_Rotation": {
            "x": 0.0,
            "y": 0.0,
            "z": 0.0
        },
        "m_Scale": {
            "x": 5.0,
            "y": 5.0,
            "z": 5.0
        }
    },
    "treedata\u0012": {
        "m_Position": {
            "x": 423.842041015625,
            "y": 22.99495506286621,
            "z": -701.4853515625
        },
        "m_Rotation": {
            "x": 0.0,
            "y": 0.0,
            "z": 0.0
        },
        "m_Scale": {
            "x": 5.0,
            "y": 5.0,
            "z": 5.0
        }
    },
    "treedata\u0013": {
        "m_Position": {
            "x": 400.1314697265625,
            "y": 21.20499610900879,
            "z": -728.39306640625
        },
        "m_Rotation": {
            "x": 0.0,
            "y": 0.0,
            "z": 0.0
        },
        "m_Scale": {
            "x": 5.0,
            "y": 5.0,
            "z": 5.0
        }
    },
    "treedata\u0014": {
        "m_Position": {
            "x": 397.28497314453127,
            "y": 19.476802825927736,
            "z": -751.2210693359375
        },
        "m_Rotation": {
            "x": 0.0,
            "y": 0.0,
            "z": 0.0
        },
        "m_Scale": {
            "x": 5.0,
            "y": 5.0,
            "z": 5.0
        }
    },
    "treedata\u0015": {
        "m_Position": {
            "x": 405.53125,
            "y": 19.735065460205079,
            "z": -781.140625
        },
        "m_Rotation": {
            "x": 0.0,
            "y": 0.0,
            "z": 0.0
        },
        "m_Scale": {
            "x": 5.0,
            "y": 5.0,
            "z": 5.0
        }
    },
    "treedata\u0016": {
        "m_Position": {
            "x": 414.1119384765625,
            "y": 22.08237075805664,
            "z": -799.0164184570313
        },
        "m_Rotation": {
            "x": 0.0,
            "y": 0.0,