{
    "totalbase": 3,
    "basedata\u0001": {
        "m_Position": {
            "x": 357.9656677246094,
            "y": 13.768145561218262,
            "z": -1027.5794677734376
        },
        "m_Rotation": {
            "x": 0.0,
            "y": 0.0,
            "z": 0.0
        },
        "m_Scale": {
            "x": 1.0,
            "y": 1.0,
            "z": 1.0
        }
    },
    "basedata\u0002": {
        "m_Position": {
            "x": 653.20166015625,
            "y": 10.578177452087403,
            "z": -929.512451171875
        },
        "m_Rotation": {
            "x": 0.0,
            "y": 0.0,
            "z": 0.0
        },
        "m_Scale": {
            "x": 1.0,
            "y": 1.0,
            "z": 1.0
        }
    }
}