{
    "totalbase": 5,
    "basedata\u0001": {
        "m_Position": {
            "x": 659.6121826171875,
            "y": 17.148576736450197,
            "z": -561.5160522460938
        },
        "m_Rotation": {
            "x": 0.0,
            "y": 0.0,
            "z": 0.0
        },
        "m_Scale": {
            "x": 1.0,
            "y": 1.0,
            "z": 1.0
        }
    },
    "basedata\u0002": {
        "m_Position": {
            "x": 569.6046752929688,
            "y": 17.084461212158204,
            "z": -815.181884765625
        },
        "m_Rotation": {
            "x": 0.0,
            "y": 0.0,
            "z": 0.0
        },
        "m_Scale": {
            "x": 1.0,
            "y": 1.0,
            "z": 1.0
        }
    },
    "basedata\u0003": {
        "m_Position": {
            "x": 639.2651977539063,
            "y": 14.879966735839844,
            "z": -452.6207580566406
        },
        "m_Rotation": {
            "x": 0.0,
            "y": 0.0,
            "z": 0.0
        },
        "m_Scale": {
            "x": 1.0,
            "y": 1.0,
            "z": 1.0
        }
    },
    "basedata\u0004": {
        "m_Position": {
            "x": 664.6304321289063,
            "y": 16.575666427612306,
            "z": -687.2552490234375
        },
        "m_Rotation": {
            "x": 0.0,
            "y": 0.0,
            "z": 0.0
        },
        "m_Scale": {
            "x": 1.0,
            "y": 1.0,
            "z": 1.0
        }
    }
}