{
    "totalbunker": 5,
    "bunkerdata\u0001": {
        "m_Position": {
            "x": 722.0145874023438,
            "y": 16.40745735168457,
            "z": -539.8828125
        },
        "m_Rotation": {
            "x": 0.0,
            "y": 0.0,
            "z": 0.0
        },
        "m_Scale": {
            "x": 1.0,
            "y": 1.0,
            "z": 1.0
        }
    },
    "bunkerdata\u0002": {
        "m_Position": {
            "x": 609.3162231445313,
            "y": 13.593185424804688,
            "z": -549.5551147460938
        },
        "m_Rotation": {
            "x": 0.0,
            "y": 0.0,
            "z": 0.0
        },
        "m_Scale": {
            "x": 1.0,
            "y": 1.0,
            "z": 1.0
        }
    },
    "bunkerdata\u0003": {
        "m_Position": {
            "x": 694.4698486328125,
            "y": 18.189119338989259,
            "z": -436.5323791503906
        },
        "m_Rotation": {
            "x": 0.0,
            "y": 0.0,
            "z": 0.0
        },
        "m_Scale": {
            "x": 1.0,
            "y": 1.0,
            "z": 1.0
        }
    },
    "bunkerdata\u0004": {
        "m_Position": {
            "x": 601.8709106445313,
            "y": 10.853768348693848,
            "z": -453.73712158203127
        },
        "m_Rotation": {
            "x": 0.0,
            "y": 0.0,
            "z": 0.0
        },
        "m_Scale": {
            "x": 1.0,
            "y": 1.0,
            "z": 1.0
        }
    }
}