{
    "totaldeadtree": 13,
    "deadtreedata\u0001": {
        "m_Position": {
            "x": 696.2770385742188,
            "y": 14.049417495727539,
            "z": -530.734619140625
        },
        "m_Rotation": {
            "x": 0.0,
            "y": 0.0,
            "z": 0.0
        },
        "m_Scale": {
            "x": 1.0,
            "y": 1.0,
            "z": 1.0
        }
    },
    "deadtreedata\u0002": {
        "m_Position": {
            "x": 690.0061645507813,
            "y": 15.593653678894043,
            "z": -555.7520751953125
        },
        "m_Rotation": {
            "x": 0.0,
            "y": 0.0,
            "z": 0.0
        },
        "m_Scale": {
            "x": 1.0,
            "y": 1.0,
            "z": 1.0
        }
    },
    "deadtreedata\u0003": {
        "m_Position": {
            "x": 648.3934936523438,
            "y": 17.107074737548829,
            "z": -552.647216796875
        },
        "m_Rotation": {
            "x": 0.0,
            "y": 0.0,
            "z": 0.0
        },
        "m_Scale": {
            "x": 1.0,
            "y": 1.0,
            "z": 1.0
        }
    },
    "deadtreedata\u0004": {
        "m_Position": {
            "x": 621.7669067382813,
            "y": 13.1624755859375,
            "z": -569.7671508789063
        },
        "m_Rotation": {
            "x": 0.0,
            "y": 0.0,
            "z": 0.0
        },
        "m_Scale": {
            "x": 1.0,
            "y": 1.0,
            "z": 1.0
        }
    },
    "deadtreedata\u0005": {
        "m_Position": {
            "x": 649.7669677734375,
            "y": 16.3073673248291,
            "z": -617.430419921875
        },
        "m_Rotation": {
            "x": 0.0,
            "y": 0.0,
            "z": 0.0
        },
        "m_Scale": {
            "x": 1.0,
            "y": 1.0,
            "z": 1.0
        }
    },
    "deadtreedata\u0006": {
        "m_Position": {
            "x": 691.0393676757813,
            "y": 19.264020919799806,
            "z": -613.025146484375
        },
        "m_Rotation": {
            "x": 0.0,
            "y": 0.0,
            "z": 0.0
        },
        "m_Scale": {
            "x": 1.0,
            "y": 1.0,
            "z": 1.0
        }
    },
    "deadtreedata\u0007": {
        "m_Position": {
            "x": 705.3916015625,
            "y": 14.515125274658204,
            "z": -531.5546875
        },
        "m_Rotation": {
            "x": 0.0,
            "y": 0.0,
            "z": 0.0
        },
        "m_Scale": {
            "x": 1.0,
            "y": 1.0,
            "z": 1.0
        }
    },
    "deadtreedata\b": {
        "m_Position": {
            "x": 696.7557983398438,
            "y": 16.29964256286621,
            "z": -477.170654296875
        },
        "m_Rotation": {
            "x": 0.0,
            "y": 0.0,
            "z": 0.0
        },
        "m_Scale": {
            "x": 1.0,
            "y": 1.0,
            "z": 1.0
        }
    },
    "deadtreedata\t": {
        "m_Position": {
            "x": 667.3357543945313,
            "y": 16.46116065979004,
            "z": -475.0133972167969
        },
        "m_Rotation": {
            "x": 0.0,
            "y": 0.0,
            "z": 0.0
        },
        "m_Scale": {
            "x": 1.0,
            "y": 1.0,
            "z": 1.0
        }
    },
    "deadtreedata\n": {
        "m_Position": {
            "x": 615.1620483398438,
            "y": 13.078786849975586,
            "z": -483.241943359375
        },
        "m_Rotation": {
            "x": 0.0,
            "y": 0.0,
            "z": 0.0
        },
        "m_Scale": {
            "x": 1.0,
            "y": 1.0,
            "z": 1.0
        }
    },
    "deadtreedata\u000B": {
        "m_Position": {
            "x": 610.0850830078125,
            "y": 12.883273124694825,
            "z": -468.7115173339844
        },
        "m_Rotation": {
            "x": 0.0,
            "y": 0.0,
            "z": 0.0
        },
        "m_Scale": {
            "x": 1.0,
            "y": 1.0,
            "z": 1.0
        }
    },
    "deadtreedata\f": {
        "m_Position": {
            "x": 624.6099243164063,
            "y": 15.010828971862793,
            "z": -493.618896484375
        },
        "m_Rotation": {
            "x": 0.0,
            "y": 0.0,
            "z": 0.0
        },
        "m_Scale": {
            "x": 1.0,
            "y": 1.0,
            "z": 1.0
        }
    }
}