{
    "totaldeadtree": 25,
    "deadtreedata\u0001": {
        "m_Position": {
            "x": 290.41778564453127,
            "y": 15.324324607849121,
            "z": -963.3457641601563
        },
        "m_Rotation": {
            "x": 0.0,
            "y": 0.0,
            "z": 0.0
        },
        "m_Scale": {
            "x": 1.0,
            "y": 1.0,
            "z": 1.0
        }
    },
    "deadtreedata\u0002": {
        "m_Position": {
            "x": 340.2453918457031,
            "y": 14.11056137084961,
            "z": -980.9429931640625
        },
        "m_Rotation": {
            "x": 0.0,
            "y": 0.0,
            "z": 0.0
        },
        "m_Scale": {
            "x": 1.0,
            "y": 1.0,
            "z": 1.0
        }
    },
    "deadtreedata\u0003": {
        "m_Position": {
            "x": 374.3070068359375,
            "y": 12.637988090515137,
            "z": -969.3578491210938
        },
        "m_Rotation": {
            "x": 0.0,
            "y": 0.0,
            "z": 0.0
        },
        "m_Scale": {
            "x": 1.0,
            "y": 1.0,
            "z": 1.0
        }
    },
    "deadtreedata\u0004": {
        "m_Position": {
            "x": 330.86669921875,
            "y": 15.143840789794922,
            "z": -1009.841552734375
        },
        "m_Rotation": {
            "x": 0.0,
            "y": 0.0,
            "z": 0.0
        },
        "m_Scale": {
            "x": 1.0,
            "y": 1.0,
            "z": 1.0
        }
    },
    "deadtreedata\u0005": {
        "m_Position": {
            "x": 336.4363098144531,
            "y": 13.843918800354004,
            "z": -1104.8411865234376
        },
        "m_Rotation": {
            "x": 0.0,
            "y": 0.0,
            "z": 0.0
        },
        "m_Scale": {
            "x": 1.0,
            "y": 1.0,
            "z": 1.0
        }
    },
    "deadtreedata\u0006": {
        "m_Position": {
            "x": 387.7541809082031,
            "y": 15.230695724487305,
            "z": -1075.467529296875
        },
        "m_Rotation": {
            "x": 0.0,
            "y": 0.0,
            "z": 0.0
        },
        "m_Scale": {
            "x": 1.0,
            "y": 1.0,
            "z": 1.0
        }
    },
    "deadtreedata\u0007": {
        "m_Position": {
            "x": 409.0345764160156,
            "y": 11.023714065551758,
            "z": -1011.3286743164063
        },
        "m_Rotation": {
            "x": 0.0,
            "y": 0.0,
            "z": 0.0
        },
        "m_Scale": {
            "x": 1.0,
            "y": 1.0,
            "z": 1.0
        }
    },
    "deadtreedata\b": {
        "m_Position": {
            "x": 308.22662353515627,
            "y": 14.778925895690918,
            "z": -1036.69189453125
        },
        "m_Rotation": {
            "x": 0.0,
            "y": 0.0,
            "z": 0.0
        },
        "m_Scale": {
            "x": 1.0,
            "y": 1.0,
            "z": 1.0
        }
    },
    "deadtreedata\t": {
        "m_Position": {
            "x": 286.3539733886719,
            "y": 14.968668937683106,
            "z": -1093.4293212890626
        },
        "m_Rotation": {
            "x": 0.0,
            "y": 0.0,
            "z": 0.0
        },
        "m_Scale": {
            "x": 1.0,
            "y": 1.0,
            "z": 1.0
        }
    },
    "deadtreedata\n": {
        "m_Position": {
            "x": 357.50543212890627,
            "y": 11.927059173583985,
            "z": -1057.9466552734376
        },
        "m_Rotation": {
            "x": 0.0,
            "y": 0.0,
            "z": 0.0
        },
        "m_Scale": {
            "x": 1.0,
            "y": 1.0,
            "z": 1.0
        }
    },
    "deadtreedata\u000B": {
        "m_Position": {
            "x": 273.2354431152344,
            "y": 18.206518173217775,
            "z": -988.0302124023438
        },
        "m_Rotation": {
            "x": 0.0,
            "y": 0.0,
            "z": 0.0
        },
        "m_Scale": {
            "x": 1.0,
            "y": 1.0,
            "z": 1.0
        }
    },
    "deadtreedata\f": {
        "m_Position": {
            "x": 321.6221618652344,
            "y": 13.38465404510498,
            "z": -960.4334716796875
        },
        "m_Rotation": {
            "x": 0.0,
            "y": 0.0,
            "z": 0.0
        },
        "m_Scale": {
            "x": 1.0,
            "y": 1.0,
            "z": 1.0
        }
    },
    "deadtreedata\r": {
        "m_Position": {
            "x": 379.6010437011719,
            "y": 13.089256286621094,
            "z": -1015.7974243164063
        },
        "m_Rotation": {
            "x": 0.0,
            "y": 0.0,
            "z": 0.0
        },
        "m_Scale": {
            "x": 1.0,
            "y": 1.0,
            "z": 1.0
        }
    },
    "deadtreedata\u000E": {
        "m_Position": {
            "x": 418.0426330566406,
            "y": 12.703167915344239,
            "z": -1087.52734375
        },
        "m_Rotation": {
            "x": 0.0,
            "y": 0.0,
            "z": 0.0
        },
        "m_Scale": {
            "x": 1.0,
            "y": 1.0,
            "z": 1.0
        }
    },
    "deadtreedata\u000F": {
        "m_Position": {
            "x": 424.7214050292969,
            "y": 16.314842224121095,
            "z": -836.6473999023438
        },
        "m_Rotation": {
            "x": 0.0,
            "y": 0.0,
            "z": 0.0
        },
        "m_Scale": {
            "x": 1.0,
            "y": 1.0,
            "z": 1.0
        }
    },
    "deadtreedata\u0010": {
        "m_Position": {
            "x": 495.8755798339844,
            "y": 20.053802490234376,
            "z": -882.201416015625
        },
        "m_Rotation": {
            "x": 0.0,
            "y": 0.0,
            "z": 0.0
        },
        "m_Scale": {
            "x": 1.0,
            "y": 1.0,
            "z": 1.0
        }
    },
    "deadtreedata\u0011": {
        "m_Position": {
            "x": 528.6824340820313,
            "y": 11.468423843383789,
            "z": -993.4976196289063
        },
        "m_Rotation": {
            "x": 0.0,
            "y": 0.0,
            "z": 0.0
        },
        "m_Scale": {
            "x": 1.0,
            "y": 1.0,
            "z": 1.0
        }
    },
    "deadtreedata\u0012": {
        "m_Position": {
            "x": 481.04827880859377,
            "y": 15.071578979492188,
            "z": -1077.30859375
        },
        "m_Rotation": {
            "x": 0.0,
            "y": 0.0,
            "z": 0.0
        },
        "m_Scale": {
            "x": 1.0,
            "y": 1.0,
            "z": 1.0
        }
    },
    "deadtreedata\u0013": {
        "m_Position": {
            "x": 545.112548828125,
            "y": 19.327791213989259,
            "z": -1086.37548828125
        },
        "m_Rotation": {
            "x": 0.0,
            "y": 0.0,
            "z": 0.0
        },
        "m_Scale": {
            "x": 1.0,
            "y": 1.0,
            "z": 1.0
        }
    },
    "deadtreedata\u0014": {
        "m_Position": {
            "x": 454.7921142578125,
            "y": 13.873282432556153,
            "z": -942.0640258789063
        },
        "m_Rotation": {
            "x": 0.0,
            "y": 0.0,
            "z": 0.0
        },
        "m_Scale": {
            "x": 1.0,
            "y": 1.0,
            "z": 1.0
        }
    },
    "deadtreedata\u0015": {
        "m_Position": {
            "x": 516.821044921875,
            "y": 21.042070388793947,
            "z": -854.5972290039063
        },
        "m_Rotation": {
            "x": 0.0,
            "y": 0.0,
            "z": 0.0
        },
        "m_Scale": {
            "x": 1.0,
            "y": 1.0,
            "z": 1.0
        }
    },
    "deadtreedata\u0016": {
        "m_Position": {
            "x": 470.676513671875,
            "y": 17.04445457458496,