{
    "totalenemy": 8,
    "enemydata\u0001": {
        "m_Position": {
            "x": 692.2122802734375,
            "y": 13.84655475616455,
            "z": -513.8152465820313
        },
        "m_Rotation": {
            "x": 0.0,
            "y": 0.0,
            "z": 0.0
        },
        "m_Scale": {
            "x": 1.0,
            "y": 1.0,
            "z": 1.0
        },
        "m_Weapontype": 0
    },
    "enemydata\u0002": {
        "m_Position": {
            "x": 679.6488647460938,
            "y": 14.155755043029786,
            "z": -515.3110961914063
        },
        "m_Rotation": {
            "x": 0.0,
            "y": 0.0,
            "z": 0.0
        },
        "m_Scale": {
            "x": 1.0,
            "y": 1.0,
            "z": 1.0
        },
        "m_Weapontype": 0
    },
    "enemydata\u0003": {
        "m_Position": {
            "x": 662.4398803710938,
            "y": 15.036377906799317,
            "z": -521.1874389648438
        },
        "m_Rotation": {
            "x": 0.0,
            "y": 0.0,
            "z": 0.0
        },
        "m_Scale": {
            "x": 1.0,
            "y": 1.0,
            "z": 1.0
        },
        "m_Weapontype": 0
    },
    "enemydata\u0004": {
        "m_Position": {
            "x": 644.5609741210938,
            "y": 15.81119441986084,
            "z": -518.2155151367188
        },
        "m_Rotation": {
            "x": 0.0,
            "y": 0.0,
            "z": 0.0
        },
        "m_Scale": {
            "x": 1.0,
            "y": 1.0,
            "z": 1.0
        },
        "m_Weapontype": 0
    },
    "enemydata\u0005": {
        "m_Position": {
            "x": 628.2446899414063,
            "y": 14.985136985778809,
            "z": -513.4994506835938
        },
        "m_Rotation": {
            "x": 0.0,
            "y": 0.0,
            "z": 0.0
        },
        "m_Scale": {
            "x": 1.0,
            "y": 1.0,
            "z": 1.0
        },
        "m_Weapontype": 0
    },
    "enemydata\u0006": {
        "m_Position": {
            "x": 653.8563842773438,
            "y": 14.155517578125,
            "z": -505.3927001953125
        },
        "m_Rotation": {
            "x": 0.0,
            "y": 0.0,
            "z": 0.0
        },
        "m_Scale": {
            "x": 1.0,
            "y": 1.0,
            "z": 1.0
        },
        "m_Weapontype": 0
    },
    "enemydata\u0007": {
        "m_Position": {
            "x": 666.6495971679688,
            "y": 12.994505882263184,
            "z": -506.12213134765627
        },
        "m_Rotation": {
            "x": 0.0,
            "y": 0.0,
            "z": 0.0
        },
        "m_Scale": {
            "x": 1.0,
            "y": 1.0,
            "z": 1.0
        },
        "m_Weapontype": 0
    }
}