{
    "totalfriend": 6,
    "frienddata\u0001": {
        "m_Position": {
            "x": 669.8234252929688,
            "y": 17.492162704467775,
            "z": -464.46197509765627
        },
        "m_Rotation": {
            "x": 0.0,
            "y": 0.0,
            "z": 0.0
        },
        "m_Scale": {
            "x": 1.0,
            "y": 1.0,
            "z": 1.0
        },
        "m_Weapontype": 0
    },
    "frienddata\u0002": {
        "m_Position": {
            "x": 642.6502075195313,
            "y": 14.372262001037598,
            "z": -476.45855712890627
        },
        "m_Rotation": {
            "x": 0.0,
            "y": 0.0,
            "z": 0.0
        },
        "m_Scale": {
            "x": 1.0,
            "y": 1.0,
            "z": 1.0
        },
        "m_Weapontype": 0
    },
    "frienddata\u0003": {
        "m_Position": {
            "x": 634.66162109375,
            "y": 12.974922180175782,
            "z": -468.9371643066406
        },
        "m_Rotation": {
            "x": 0.0,
            "y": 0.0,
            "z": 0.0
        },
        "m_Scale": {
            "x": 1.0,
            "y": 1.0,
            "z": 1.0
        },
        "m_Weapontype": 0
    },
    "frienddata\u0004": {
        "m_Position": {
            "x": 651.5243530273438,
            "y": 14.90755558013916,
            "z": -474.0845031738281
        },
        "m_Rotation": {
            "x": -0.9557105898857117,
            "y": 0.0,
            "z": 0.0
        },
        "m_Scale": {
            "x": 1.0,
            "y": 1.0,
            "z": 1.0
        },
        "m_Weapontype": 1
    },
    "frienddata\u0005": {
        "m_Position": {
            "x": 707.0475463867188,
            "y": 15.801560401916504,
            "z": -475.9066162109375
        },
        "m_Rotation": {
            "x": 0.0,
            "y": 0.0,
            "z": 0.0
        },
        "m_Scale": {
            "x": 1.0,
            "y": 1.0,
            "z": 1.0
        },
        "m_Weapontype": 0
    }
}