{
    "playerdata": {
        "m_Position": {
            "x": 656.7515869140625,
            "y": 17.09108543395996,
            "z": -458.6584777832031
        },
        "m_Rotation": {
            "x": 0.0,
            "y": 0.0,
            "z": 0.0
        },
        "m_Scale": {
            "x": 1.321000099182129,
            "y": 1.321000099182129,
            "z": 1.321000099182129
        },
        "m_Weapontype": 0,
        "m_Modelpass": "asset/model/player/chara.fbx"
    }
}