{
    "playerdata": {
        "m_Position": {
            "x": 198.78675842285157,
            "y": 20.983863830566408,
            "z": -1015.4921264648438
        },
        "m_Rotation": {
            "x": 0.0,
            "y": 0.0,
            "z": 0.0
        },
        "m_Scale": {
            "x": 1.0,
            "y": 1.0,
            "z": 1.0
        }
    }
}