{
    "totalspownpoint": 3,
    "spownpointdata\u0001": {
        "m_Position": {
            "x": 596.2609252929688,
            "y": 15.223638534545899,
            "z": -640.5450439453125
        },
        "m_Rotation": {
            "x": 0.0,
            "y": 0.0,
            "z": 0.0
        },
        "m_Scale": {
            "x": 1.0,
            "y": 1.0,
            "z": 1.0
        },
        "m_SpownType": 1,
        "m_spowninterval": 1000,
        "m_Max": -1,
        "m_Spownlicense": true
    },
    "spownpointdata\u0002": {
        "m_Position": {
            "x": 665.434814453125,
            "y": 12.768454551696778,
            "z": -391.74609375
        },
        "m_Rotation": {
            "x": 0.0,
            "y": 0.0,
            "z": 0.0
        },
        "m_Scale": {
            "x": 1.0,
            "y": 1.0,
            "z": 1.0
        },
        "m_SpownType": 1,
        "m_spowninterval": 1000,
        "m_Max": -1,
        "m_Spownlicense": true
    }
}