{
    "totaltree": 13,
    "treedata\u0001": {
        "m_Position": {
            "x": 740.9090576171875,
            "y": 18.025863647460939,
            "z": -501.756591796875
        },
        "m_Rotation": {
            "x": 0.0,
            "y": 0.0,
            "z": 0.0
        },
        "m_Scale": {
            "x": 5.0,
            "y": 5.0,
            "z": 5.0
        }
    },
    "treedata\u0002": {
        "m_Position": {
            "x": 781.2828979492188,
            "y": 21.8675479888916,
            "z": -563.8117065429688
        },
        "m_Rotation": {
            "x": 0.0,
            "y": 0.0,
            "z": 0.0
        },
        "m_Scale": {
            "x": 5.0,
            "y": 5.0,
            "z": 5.0
        }
    },
    "treedata\u0003": {
        "m_Position": {
            "x": 756.392578125,
            "y": 19.966407775878908,
            "z": -592.9918823242188
        },
        "m_Rotation": {
            "x": 0.0,
            "y": 0.0,
            "z": 0.0
        },
        "m_Scale": {
            "x": 5.0,
            "y": 5.0,
            "z": 5.0
        }
    },
    "treedata\u0004": {
        "m_Position": {
            "x": 737.2264404296875,
            "y": 23.569364547729493,
            "z": -613.365966796875
        },
        "m_Rotation": {
            "x": 0.0,
            "y": 0.0,
            "z": 0.0
        },
        "m_Scale": {
            "x": 5.0,
            "y": 5.0,
            "z": 5.0
        }
    },
    "treedata\u0005": {
        "m_Position": {
            "x": 757.5494384765625,
            "y": 21.178668975830079,
            "z": -565.0347900390625
        },
        "m_Rotation": {
            "x": 0.0,
            "y": 0.0,
            "z": 0.0
        },
        "m_Scale": {
            "x": 5.0,
            "y": 5.0,
            "z": 5.0
        }
    },
    "treedata\u0006": {
        "m_Position": {
            "x": 757.04638671875,
            "y": 17.50008201599121,
            "z": -517.9205322265625
        },
        "m_Rotation": {
            "x": 0.0,
            "y": 0.0,
            "z": 0.0
        },
        "m_Scale": {
            "x": 5.0,
            "y": 5.0,
            "z": 5.0
        }
    },
    "treedata\u0007": {
        "m_Position": {
            "x": 755.99267578125,
            "y": 16.793434143066408,
            "z": -483.78717041015627
        },
        "m_Rotation": {
            "x": 0.0,
            "y": 0.0,
            "z": 0.0
        },
        "m_Scale": {
            "x": 5.0,
            "y": 5.0,
            "z": 5.0
        }
    },
    "treedata\b": {
        "m_Position": {
            "x": 734.313232421875,
            "y": 18.025035858154298,
            "z": -464.6366271972656
        },
        "m_Rotation": {
            "x": 0.0,
            "y": 0.0,
            "z": 0.0
        },
        "m_Scale": {
            "x": 5.0,
            "y": 5.0,
            "z": 5.0
        }
    },
    "treedata\t": {
        "m_Position": {
            "x": 737.6498413085938,
            "y": 15.917776107788086,
            "z": -443.831787109375
        },
        "m_Rotation": {
            "x": 0.0,
            "y": 0.0,
            "z": 0.0
        },
        "m_Scale": {
            "x": 5.0,
            "y": 5.0,
            "z": 5.0
        }
    },
    "treedata\n": {
        "m_Position": {
            "x": 766.9764404296875,
            "y": 16.74979019165039,
            "z": -476.7742919921875
        },
        "m_Rotation": {
            "x": 0.0,
            "y": 0.0,
            "z": 0.0
        },
        "m_Scale": {
            "x": 5.0,
            "y": 5.0,
            "z": 5.0
        }
    },
    "treedata\u000B": {
        "m_Position": {
            "x": 787.8230590820313,
            "y": 20.92156410217285,
            "z": -528.4595947265625
        },
        "m_Rotation": {
            "x": 0.0,
            "y": 0.0,
            "z": 0.0
        },
        "m_Scale": {
            "x": 5.0,
            "y": 5.0,
            "z": 5.0
        }
    },
    "treedata\f": {
        "m_Position": {
            "x": 775.6639404296875,
            "y": 21.932588577270509,
            "z": -553.4981689453125
        },
        "m_Rotation": {
            "x": 0.0,
            "y": 0.0,
            "z": 0.0
        },
        "m_Scale": {
            "x": 5.0,
            "y": 5.0,
            "z": 5.0
        }
    }
}