{
    "totaltree": 23,
    "treedata\u0001": {
        "m_Position": {
            "x": 640.006591796875,
            "y": 18.67900848388672,
            "z": -1074.654296875
        },
        "m_Rotation": {
            "x": 0.0,
            "y": 0.0,
            "z": 0.0
        },
        "m_Scale": {
            "x": 5.0,
            "y": 5.0,
            "z": 5.0
        }
    },
    "treedata\u0002": {
        "m_Position": {
            "x": 704.6278076171875,
            "y": 18.076675415039064,
            "z": -992.2642211914063
        },
        "m_Rotation": {
            "x": 0.0,
            "y": 0.0,
            "z": 0.0
        },
        "m_Scale": {
            "x": 5.0,
            "y": 5.0,
            "z": 5.0
        }
    },
    "treedata\u0003": {
        "m_Position": {
            "x": 659.0936279296875,
            "y": 16.787391662597658,
            "z": -947.5054321289063
        },
        "m_Rotation": {
            "x": 0.0,
            "y": 0.0,
            "z": 0.0
        },
        "m_Scale": {
            "x": 5.0,
            "y": 5.0,
            "z": 5.0
        }
    },
    "treedata\u0004": {
        "m_Position": {
            "x": 646.1751708984375,
            "y": 18.211158752441408,
            "z": -1035.52880859375
        },
        "m_Rotation": {
            "x": 0.0,
            "y": 0.0,
            "z": 0.0
        },
        "m_Scale": {
            "x": 5.0,
            "y": 5.0,
            "z": 5.0
        }
    },
    "treedata\u0005": {
        "m_Position": {
            "x": 699.9229125976563,
            "y": 18.26494598388672,
            "z": -1076.6712646484376
        },
        "m_Rotation": {
            "x": 0.0,
            "y": 0.0,
            "z": 0.0
        },
        "m_Scale": {
            "x": 5.0,
            "y": 5.0,
            "z": 5.0
        }
    },
    "treedata\u0006": {
        "m_Position": {
            "x": 672.328125,
            "y": 17.74448585510254,
            "z": -991.1832275390625
        },
        "m_Rotation": {
            "x": 0.0,
            "y": 0.0,
            "z": 0.0
        },
        "m_Scale": {
            "x": 5.0,
            "y": 5.0,
            "z": 5.0
        }
    },
    "treedata\u0007": {
        "m_Position": {
            "x": 631.3353271484375,
            "y": 16.45785140991211,
            "z": -950.8865356445313
        },
        "m_Rotation": {
            "x": 0.0,
            "y": 0.0,
            "z": 0.0
        },
        "m_Scale": {
            "x": 5.0,
            "y": 5.0,
            "z": 5.0
        }
    },
    "treedata\b": {
        "m_Position": {
            "x": 639.4268798828125,
            "y": 13.131583213806153,
            "z": -908.3966674804688
        },
        "m_Rotation": {
            "x": 0.0,
            "y": 0.0,
            "z": 0.0
        },
        "m_Scale": {
            "x": 5.0,
            "y": 5.0,
            "z": 5.0
        }
    },
    "treedata\t": {
        "m_Position": {
            "x": 673.5079345703125,
            "y": 19.79313087463379,
            "z": -876.5366821289063
        },
        "m_Rotation": {
            "x": 0.0,
            "y": 0.0,
            "z": 0.0
        },
        "m_Scale": {
            "x": 5.0,
            "y": 5.0,
            "z": 5.0
        }
    },
    "treedata\n": {
        "m_Position": {
            "x": 712.218994140625,
            "y": 20.618389129638673,
            "z": -906.5128784179688
        },
        "m_Rotation": {
            "x": 0.0,
            "y": 0.0,
            "z": 0.0
        },
        "m_Scale": {
            "x": 5.0,
            "y": 5.0,
            "z": 5.0
        }
    },
    "treedata\u000B": {
        "m_Position": {
            "x": 708.4559936523438,
            "y": 17.162311553955079,
            "z": -958.0968627929688
        },
        "m_Rotation": {
            "x": 0.0,
            "y": 0.0,
            "z": 0.0
        },
        "m_Scale": {
            "x": 5.0,
            "y": 5.0,
            "z": 5.0
        }
    },
    "treedata\f": {
        "m_Position": {
            "x": 687.2026977539063,
            "y": 20.482131958007814,
            "z": -886.579833984375
        },
        "m_Rotation": {
            "x": 0.0,
            "y": 0.0,
            "z": 0.0
        },
        "m_Scale": {
            "x": 5.0,
            "y": 5.0,
            "z": 5.0
        }
    },
    "treedata\r": {
        "m_Position": {
            "x": 693.1175537109375,
            "y": 23.783706665039064,
            "z": -835.0161743164063
        },
        "m_Rotation": {
            "x": 0.0,
            "y": 0.0,
            "z": 0.0
        },
        "m_Scale": {
            "x": 5.0,
            "y": 5.0,
            "z": 5.0
        }
    },
    "treedata\u000E": {
        "m_Position": {
            "x": 659.8466796875,
            "y": 19.79047966003418,
            "z": -836.9146728515625
        },
        "m_Rotation": {
            "x": 0.0,
            "y": 0.0,
            "z": 0.0
        },
        "m_Scale": {
            "x": 5.0,
            "y": 5.0,
            "z": 5.0
        }
    },
    "treedata\u000F": {
        "m_Position": {
            "x": 686.3386840820313,
            "y": 22.255584716796876,
            "z": -857.4508666992188
        },
        "m_Rotation": {
            "x": 0.0,
            "y": 0.0,
            "z": 0.0
        },
        "m_Scale": {
            "x": 5.0,
            "y": 5.0,
            "z": 5.0
        }
    },
    "treedata\u0010": {
        "m_Position": {
            "x": 647.688720703125,
            "y": 19.40859603881836,
            "z": -838.0068969726563
        },
        "m_Rotation": {
            "x": 0.0,
            "y": 0.0,
            "z": 0.0
        },
        "m_Scale": {
            "x": 5.0,
            "y": 5.0,
            "z": 5.0
        }
    },
    "treedata\u0011": {
        "m_Position": {
            "x": 630.0938720703125,
            "y": 19.556110382080079,
            "z": -819.2678833007813
        },
        "m_Rotation": {
            "x": 0.0,
            "y": 0.0,
            "z": 0.0
        },
        "m_Scale": {
            "x": 5.0,
            "y": 5.0,
            "z": 5.0
        }
    },
    "treedata\u0012": {
        "m_Position": {
            "x": 594.1893310546875,
            "y": 17.805049896240236,
            "z": -827.6519165039063
        },
        "m_Rotation": {
            "x": 0.0,
            "y": 0.0,
            "z": 0.0
        },
        "m_Scale": {
            "x": 5.0,
            "y": 5.0,
            "z": 5.0
        }
    },
    "treedata\u0013": {
        "m_Position": {
            "x": 574.83642578125,
            "y": 16.956344604492189,
            "z": -860.9483032226563
        },
        "m_Rotation": {
            "x": 0.0,
            "y": 0.0,
            "z": 0.0
        },
        "m_Scale": {
            "x": 5.0,
            "y": 5.0,
            "z": 5.0
        }
    },
    "treedata\u0014": {
        "m_Position": {
            "x": 598.9255981445313,
            "y": 11.713339805603028,
            "z": -886.2276000976563
        },
        "m_Rotation": {
            "x": 0.0,
            "y": 0.0,
            "z": 0.0
        },
        "m_Scale": {
            "x": 5.0,
            "y": 5.0,
            "z": 5.0
        }
    },
    "treedata\u0015": {
        "m_Position": {
            "x": 627.5770263671875,
            "y": 17.290176391601564,
            "z": -849.9578247070313
        },
        "m_Rotation": {
            "x": 0.0,
            "y": 0.0,
            "z": 0.0
        },
        "m_Scale": {
            "x": 5.0,
            "y": 5.0,
            "z": 5.0
        }
    },
    "treedata\u0016": {
        "m_Position": {
            "x": 614.8678588867188,
            "y": 11.715601921081543,
            "z": -898.5577392578125
        },
        "m_Rotation": {
            "x": 0.0,