{
    "nemydata": {
        "m_Position": {
            "x": 36.02667236328125,
            "y": 82.80146026611328,
            "z": -84.17324829101563
        },
        "m_Rotation": {
            "x": 0.0,
            "y": 0.0,
            "z": 0.0
        },
        "m_Scale": {
            "x": 1.0,
            "y": 1.0,
            "z": 1.0
        }
    },
    "emydata": {
        "m_Position": {
            "x": 46.32826232910156,
            "y": 80.87057495117188,
            "z": -95.48529052734375
        },
        "m_Rotation": {
            "x": 0.0,
            "y": 0.0,
            "z": 0.0
        },
        "m_Scale": {
            "x": 1.0,
            "y": 1.0,
            "z": 1.0
        }
    },
    "mydata": {
        "m_Position": {
            "x": 43.504547119140628,
            "y": 80.7688217163086,
            "z": -110.89035034179688
        },
        "m_Rotation": {
            "x": 0.0,
            "y": 0.0,
            "z": 0.0
        },
        "m_Scale": {
            "x": 1.0,
            "y": 1.0,
            "z": 1.0
        }
    },
    "ydata": {
        "m_Position": {
            "x": 32.751434326171878,
            "y": 81.7103500366211,
            "z": -117.55853271484375
        },
        "m_Rotation": {
            "x": 0.0,
            "y": 0.0,
            "z": 0.0
        },
        "m_Scale": {
            "x": 1.0,
            "y": 1.0,
            "z": 1.0
        }
    },
    "data": {
        "m_Position": {
            "x": 19.84935760498047,
            "y": 83.52587127685547,
            "z": -114.5884780883789
        },
        "m_Rotation": {
            "x": 0.0,
            "y": 0.0,
            "z": 0.0
        },
        "m_Scale": {
            "x": 1.0,
            "y": 1.0,
            "z": 1.0
        }
    },
    "ata": {
        "m_Position": {
            "x": 23.032285690307618,
            "y": 84.7302474975586,
            "z": -87.54298400878906
        },
        "m_Rotation": {
            "x": 0.0,
            "y": 0.0,
            "z": 0.0
        },
        "m_Scale": {
            "x": 1.0,
            "y": 1.0,
            "z": 1.0
        }
    }