{
    "playerdata": {
        "m_Position": {
            "x": 31.0765380859375,
            "y": 84.20410919189453,
            "z": -99.79058837890625
        },
        "m_Rotation": {
            "x": 0.0,
            "y": 0.0,
            "z": 0.0
        },
        "m_Scale": {
            "x": 1.0,
            "y": 1.0,
            "z": 1.0
        }
    }
}