{
    "playerdata": {
        "m_Position": {
            "x": -26.871286392211915,
            "y": 82.35890197753906,
            "z": -64.406982421875
        },
        "m_Rotation": {
            "x": 0.0,
            "y": 0.0,
            "z": 0.0
        },
        "m_Scale": {
            "x": 1.0,
            "y": 1.0,
            "z": 1.0
        }
    }
}