{
    "totalbase": 2,
    "basedata\u0001": {
        "m_Position": {
            "x": 408.39404296875,
            "y": 17.4949951171875,
            "z": -809.2791748046875
        },
        "m_Rotation": {
            "x": 0.0,
            "y": 0.0,
            "z": 0.0
        },
        "m_Scale": {
            "x": 1.0,
            "y": 1.0,
            "z": 1.0
        }
    }
}