{
    "totalbunker": 3,
    "bunkerdata\u0001": {
        "m_Position": {
            "x": 437.7371520996094,
            "y": 16.927631378173829,
            "z": -774.2146606445313
        },
        "m_Rotation": {
            "x": 0.0,
            "y": 0.0,
            "z": 0.0
        },
        "m_Scale": {
            "x": 1.0,
            "y": 1.0,
            "z": 1.0
        }
    },
    "bunkerdata\u0002": {
        "m_Position": {
            "x": 371.44586181640627,
            "y": 15.442052841186524,
            "z": -765.2479248046875
        },
        "m_Rotation": {
            "x": 0.0,
            "y": 0.0,
            "z": 0.0
        },
        "m_Scale": {
            "x": 1.0,
            "y": 1.0,
            "z": 1.0
        }
    }
}