{
    "totaldeadtree": 4,
    "deadtreedata\u0001": {
        "m_Position": {
            "x": 442.6394348144531,
            "y": 18.932832717895509,
            "z": -831.125244140625
        },
        "m_Rotation": {
            "x": 0.0,
            "y": 0.0,
            "z": 0.0
        },
        "m_Scale": {
            "x": 1.0,
            "y": 1.0,
            "z": 1.0
        }
    },
    "deadtreedata\u0002": {
        "m_Position": {
            "x": 425.7551574707031,
            "y": 15.494261741638184,
            "z": -830.5
        },
        "m_Rotation": {
            "x": 0.0,
            "y": 0.0,
            "z": 0.0
        },
        "m_Scale": {
            "x": 1.0,
            "y": 1.0,
            "z": 1.0
        }
    },
    "deadtreedata\u0003": {
        "m_Position": {
            "x": 432.2533264160156,
            "y": 17.52040672302246,
            "z": -838.73828125
        },
        "m_Rotation": {
            "x": 0.0,
            "y": 0.0,
            "z": 0.0
        },
        "m_Scale": {
            "x": 1.0,
            "y": 1.0,
            "z": 1.0
        }
    }
}