{
    "totalfriend": 6,
    "frienddata\u0001": {
        "m_Position": {
            "x": 385.1387023925781,
            "y": 16.04105567932129,
            "z": -749.933837890625
        },
        "m_Rotation": {
            "x": 0.0,
            "y": 0.0,
            "z": 0.0
        },
        "m_Scale": {
            "x": 1.0,
            "y": 1.0,
            "z": 1.0
        },
        "m_Weapontype": 1
    },
    "frienddata\u0002": {
        "m_Position": {
            "x": 397.05010986328127,
            "y": 16.46143341064453,
            "z": -751.4317016601563
        },
        "m_Rotation": {
            "x": 0.0,
            "y": 0.0,
            "z": 0.0
        },
        "m_Scale": {
            "x": 1.0,
            "y": 1.0,
            "z": 1.0
        },
        "m_Weapontype": 1
    },
    "frienddata\u0003": {
        "m_Position": {
            "x": 405.25567626953127,
            "y": 15.92562484741211,
            "z": -749.609130859375
        },
        "m_Rotation": {
            "x": 0.0,
            "y": 0.0,
            "z": 0.0
        },
        "m_Scale": {
            "x": 1.0,
            "y": 1.0,
            "z": 1.0
        },
        "m_Weapontype": 0
    },
    "frienddata\u0004": {
        "m_Position": {
            "x": 377.94549560546877,
            "y": 16.287282943725587,
            "z": -739.1143798828125
        },
        "m_Rotation": {
            "x": 0.0,
            "y": 0.0,
            "z": 0.0
        },
        "m_Scale": {
            "x": 1.0,
            "y": 1.0,
            "z": 1.0
        },
        "m_Weapontype": 0
    },
    "frienddata\u0005": {
        "m_Position": {
            "x": 391.9238586425781,
            "y": 16.706584930419923,
            "z": -744.1630859375
        },
        "m_Rotation": {
            "x": 0.0354621484875679,
            "y": 0.0,
            "z": 0.0
        },
        "m_Scale": {
            "x": 1.0,
            "y": 1.0,
            "z": 1.0
        },
        "m_Weapontype": 1
    }
}