{
    "playerdata": {
        "m_Position": {
            "x": 395.5467224121094,
            "y": 17.308246612548829,
            "z": -739.956787109375
        },
        "m_Rotation": {
            "x": 0.0,
            "y": 0.0,
            "z": 0.0
        },
        "m_Scale": {
            "x": 1.0,
            "y": 1.0,
            "z": 1.0
        },
        "m_Weapontype": 0,
        "m_Modelpass": "asset/model/player/chara.fbx"
    }
}