{
    "totalenemy": 4,
    "enemydata\u0001": {
        "m_Position": {
            "x": 108.11325073242188,
            "y": 78.65349578857422,
            "z": -180.28147888183595
        },
        "m_Rotation": {
            "x": 0.0,
            "y": 0.0,
            "z": 0.0
        },
        "m_Scale": {
            "x": 1.0,
            "y": 1.0,
            "z": 1.0
        },
        "m_Weapontype": 0
    },
    "enemydata\u0002": {
        "m_Position": {
            "x": 118.13436889648438,
            "y": 77.0900650024414,
            "z": -166.05508422851563
        },
        "m_Rotation": {
            "x": 0.0,
            "y": 0.0,
            "z": 0.0
        },
        "m_Scale": {
            "x": 1.0,
            "y": 1.0,
            "z": 1.0
        },
        "m_Weapontype": 0
    },
    "enemydata\u0003": {
        "m_Position": {
            "x": 124.97486877441406,
            "y": 75.84846496582031,
            "z": -151.93063354492188
        },
        "m_Rotation": {
            "x": 0.0,
            "y": 0.0,
            "z": 0.0
        },
        "m_Scale": {
            "x": 1.0,
            "y": 1.0,
            "z": 1.0
        },
        "m_Weapontype": 0
    }
}