{
    "totalbase": 2,
    "basedata\u0001": {
        "m_Position": {
            "x": 240.94903564453126,
            "y": 47.7869873046875,
            "z": -259.91925048828127
        },
        "m_Rotation": {
            "x": 0.0,
            "y": 0.0,
            "z": 0.0
        },
        "m_Scale": {
            "x": 1.0,
            "y": 1.0,
            "z": 1.0
        }
    }
}