{
    "totaldeadtree": 12,
    "deadtreedata\u0001": {
        "m_Position": {
            "x": 147.68251037597657,
            "y": 73.35625457763672,
            "z": -184.5063934326172
        },
        "m_Rotation": {
            "x": 0.0,
            "y": 0.0,
            "z": 0.0
        },
        "m_Scale": {
            "x": 1.0,
            "y": 1.0,
            "z": 1.0
        }
    },
    "deadtreedata\u0002": {
        "m_Position": {
            "x": 144.2200164794922,
            "y": 75.41450500488281,
            "z": -150.53895568847657
        },
        "m_Rotation": {
            "x": 0.0,
            "y": 0.0,
            "z": 0.0
        },
        "m_Scale": {
            "x": 1.0,
            "y": 1.0,
            "z": 1.0
        }
    },
    "deadtreedata\u0003": {
        "m_Position": {
            "x": 125.97016143798828,
            "y": 75.88568878173828,
            "z": -158.548583984375
        },
        "m_Rotation": {
            "x": 0.0,
            "y": 0.0,
            "z": 0.0
        },
        "m_Scale": {
            "x": 1.0,
            "y": 1.0,
            "z": 1.0
        }
    },
    "deadtreedata\u0004": {
        "m_Position": {
            "x": 110.3811264038086,
            "y": 78.5384292602539,
            "z": -178.8934326171875
        },
        "m_Rotation": {
            "x": 0.0,
            "y": 0.0,
            "z": 0.0
        },
        "m_Scale": {
            "x": 1.0,
            "y": 1.0,
            "z": 1.0
        }
    },
    "deadtreedata\u0005": {
        "m_Position": {
            "x": 91.9182357788086,
            "y": 76.1103286743164,
            "z": -188.26756286621095
        },
        "m_Rotation": {
            "x": 0.0,
            "y": 0.0,
            "z": 0.0
        },
        "m_Scale": {
            "x": 1.0,
            "y": 1.0,
            "z": 1.0
        }
    },
    "deadtreedata\u0006": {
        "m_Position": {
            "x": 73.04901885986328,
            "y": 77.12103271484375,
            "z": -137.41017150878907
        },
        "m_Rotation": {
            "x": 0.0,
            "y": 0.0,
            "z": 0.0
        },
        "m_Scale": {
            "x": 1.0,
            "y": 1.0,
            "z": 1.0
        }
    },
    "deadtreedata\u0007": {
        "m_Position": {
            "x": 53.69719314575195,
            "y": 77.84600067138672,
            "z": -156.75509643554688
        },
        "m_Rotation": {
            "x": 0.0,
            "y": 0.0,
            "z": 0.0
        },
        "m_Scale": {
            "x": 1.0,
            "y": 1.0,
            "z": 1.0
        }
    },
    "deadtreedata\b": {
        "m_Position": {
            "x": 78.67273712158203,
            "y": 78.07552337646485,
            "z": -102.19405364990235
        },
        "m_Rotation": {
            "x": 0.0,
            "y": 0.0,
            "z": 0.0
        },
        "m_Scale": {
            "x": 1.0,
            "y": 1.0,
            "z": 1.0
        }
    },
    "deadtreedata\t": {
        "m_Position": {
            "x": 83.41939544677735,
            "y": 79.2776870727539,
            "z": -64.50688934326172
        },
        "m_Rotation": {
            "x": 0.0,
            "y": 0.0,
            "z": 0.0
        },
        "m_Scale": {
            "x": 1.0,
            "y": 1.0,
            "z": 1.0
        }
    },
    "deadtreedata\n": {
        "m_Position": {
            "x": 42.355186462402347,
            "y": 81.19635009765625,
            "z": -96.17955017089844
        },
        "m_Rotation": {
            "x": 0.0,
            "y": 0.0,
            "z": 0.0
        },
        "m_Scale": {
            "x": 1.0,
            "y": 1.0,
            "z": 1.0
        }
    },
    "deadtreedata\u000B": {
        "m_Position": {
            "x": 115.75081634521485,
            "y": 79.01275634765625,
            "z": -84.07225036621094
        },
        "m_Rotation": {
            "x": 0.0,
            "y": 0.0,
            "z": 0.0
        },
        "m_Scale": {
            "x": 1.0,
            "y": 1.0,
            "z": 1.0
        }
    }
}