{
    "totalenemy": 6,
    "enemydata\u0001": {
        "m_Position": {
            "x": 242.88926696777345,
            "y": 57.11962127685547,
            "z": -196.28054809570313
        },
        "m_Rotation": {
            "x": 0.0,
            "y": 0.0,
            "z": 0.0
        },
        "m_Scale": {
            "x": 1.0,
            "y": 1.0,
            "z": 1.0
        },
        "m_Weapontype": 0
    },
    "enemydata\u0002": {
        "m_Position": {
            "x": 223.9973602294922,
            "y": 59.08967208862305,
            "z": -211.33059692382813
        },
        "m_Rotation": {
            "x": 0.0,
            "y": 0.0,
            "z": 0.0
        },
        "m_Scale": {
            "x": 1.0,
            "y": 1.0,
            "z": 1.0
        },
        "m_Weapontype": 0
    },
    "enemydata\u0003": {
        "m_Position": {
            "x": 203.93194580078126,
            "y": 60.901824951171878,
            "z": -226.28370666503907
        },
        "m_Rotation": {
            "x": 0.0,
            "y": 0.0,
            "z": 0.0
        },
        "m_Scale": {
            "x": 1.0,
            "y": 1.0,
            "z": 1.0
        },
        "m_Weapontype": 0
    },
    "enemydata\u0004": {
        "m_Position": {
            "x": 182.6180877685547,
            "y": 64.38400268554688,
            "z": -244.23731994628907
        },
        "m_Rotation": {
            "x": 0.0,
            "y": 0.0,
            "z": 0.0
        },
        "m_Scale": {
            "x": 1.0,
            "y": 1.0,
            "z": 1.0
        },
        "m_Weapontype": 0
    },
    "enemydata\u0005": {
        "m_Position": {
            "x": 181.9245147705078,
            "y": 64.72369384765625,
            "z": -248.9213104248047
        },
        "m_Rotation": {
            "x": 0.0,
            "y": 0.0,
            "z": 0.0
        },
        "m_Scale": {
            "x": 1.0,
            "y": 1.0,
            "z": 1.0
        },
        "m_Weapontype": 0
    }
}