{
    "totalfriend": 5,
    "frienddata\u0001": {
        "m_Position": {
            "x": 131.45896911621095,
            "y": 75.90743255615235,
            "z": -134.0098419189453
        },
        "m_Rotation": {
            "x": 0.0,
            "y": 0.0,
            "z": 0.0
        },
        "m_Scale": {
            "x": 1.0,
            "y": 1.0,
            "z": 1.0
        },
        "m_Weapontype": 0
    },
    "frienddata\u0002": {
        "m_Position": {
            "x": 129.05255126953126,
            "y": 75.4389419555664,
            "z": -160.8179931640625
        },
        "m_Rotation": {
            "x": 0.0,
            "y": 0.0,
            "z": 0.0
        },
        "m_Scale": {
            "x": 1.0,
            "y": 1.0,
            "z": 1.0
        },
        "m_Weapontype": 0
    },
    "frienddata\u0003": {
        "m_Position": {
            "x": 106.4951171875,
            "y": 77.60218048095703,
            "z": -173.1527862548828
        },
        "m_Rotation": {
            "x": 0.0,
            "y": 0.0,
            "z": 0.0
        },
        "m_Scale": {
            "x": 1.0,
            "y": 1.0,
            "z": 1.0
        },
        "m_Weapontype": 0
    },
    "frienddata\u0004": {
        "m_Position": {
            "x": 376.9367370605469,
            "y": 51.79452133178711,
            "z": -36.13482666015625
        },
        "m_Rotation": {
            "x": 0.0,
            "y": 0.0,
            "z": 0.0
        },
        "m_Scale": {
            "x": 1.0,
            "y": 1.0,
            "z": 1.0
        },
        "m_Weapontype": 0
    }
}