{
    "playerdata": {
        "m_Position": {
            "x": 95.43780517578125,
            "y": 75.34003448486328,
            "z": -132.1525421142578
        },
        "m_Rotation": {
            "x": 0.0,
            "y": 0.0,
            "z": 0.0
        },
        "m_Scale": {
            "x": 1.0,
            "y": 1.0,
            "z": 1.0
        },
        "m_Weapontype": 0,
        "m_Modelpass": "asset/model/player/chara.fbx"
    }
}