{
    "totaltree": 13,
    "treedata\u0001": {
        "m_Position": {
            "x": 346.0628662109375,
            "y": 37.970008850097659,
            "z": -234.74072265625
        },
        "m_Rotation": {
            "x": 0.0,
            "y": 0.0,
            "z": 0.0
        },
        "m_Scale": {
            "x": 5.0,
            "y": 5.0,
            "z": 5.0
        }
    },
    "treedata\u0002": {
        "m_Position": {
            "x": 315.84381103515627,
            "y": 42.65573501586914,
            "z": -322.21124267578127
        },
        "m_Rotation": {
            "x": 0.0,
            "y": 0.0,
            "z": 0.0
        },
        "m_Scale": {
            "x": 5.0,
            "y": 5.0,
            "z": 5.0
        }
    },
    "treedata\u0003": {
        "m_Position": {
            "x": 298.3601379394531,
            "y": 45.68022918701172,
            "z": -334.0987854003906
        },
        "m_Rotation": {
            "x": 0.0,
            "y": 0.0,
            "z": 0.0
        },
        "m_Scale": {
            "x": 5.0,
            "y": 5.0,
            "z": 5.0
        }
    },
    "treedata\u0004": {
        "m_Position": {
            "x": 238.24951171875,
            "y": 48.760986328125,
            "z": -316.14990234375
        },
        "m_Rotation": {
            "x": 0.0,
            "y": 0.0,
            "z": 0.0
        },
        "m_Scale": {
            "x": 5.0,
            "y": 5.0,
            "z": 5.0
        }
    },
    "treedata\u0005": {
        "m_Position": {
            "x": 290.99554443359377,
            "y": 41.95301055908203,
            "z": -288.1000061035156
        },
        "m_Rotation": {
            "x": 0.0,
            "y": 0.0,
            "z": 0.0
        },
        "m_Scale": {
            "x": 5.0,
            "y": 5.0,
            "z": 5.0
        }
    },
    "treedata\u0006": {
        "m_Position": {
            "x": 296.62677001953127,
            "y": 40.98307418823242,
            "z": -253.83201599121095
        },
        "m_Rotation": {
            "x": 0.0,
            "y": 0.0,
            "z": 0.0
        },
        "m_Scale": {
            "x": 5.0,
            "y": 5.0,
            "z": 5.0
        }
    },
    "treedata\u0007": {
        "m_Position": {
            "x": 257.54083251953127,
            "y": 57.55992126464844,
            "z": -197.21078491210938
        },
        "m_Rotation": {
            "x": 0.0,
            "y": 0.0,
            "z": 0.0
        },
        "m_Scale": {
            "x": 5.0,
            "y": 5.0,
            "z": 5.0
        }
    },
    "treedata\b": {
        "m_Position": {
            "x": 213.512939453125,
            "y": 63.4254035949707,
            "z": -175.97459411621095
        },
        "m_Rotation": {
            "x": 0.0,
            "y": 0.0,
            "z": 0.0
        },
        "m_Scale": {
            "x": 5.0,
            "y": 5.0,
            "z": 5.0
        }
    },
    "treedata\t": {
        "m_Position": {
            "x": 159.9854278564453,
            "y": 74.15387725830078,
            "z": -199.19288635253907
        },
        "m_Rotation": {
            "x": 0.0,
            "y": 0.0,
            "z": 0.0
        },
        "m_Scale": {
            "x": 5.0,
            "y": 5.0,
            "z": 5.0
        }
    },
    "treedata\n": {
        "m_Position": {
            "x": 150.4397430419922,
            "y": 74.63771057128906,
            "z": -223.58590698242188
        },
        "m_Rotation": {
            "x": 0.0,
            "y": 0.0,
            "z": 0.0
        },
        "m_Scale": {
            "x": 5.0,
            "y": 5.0,
            "z": 5.0
        }
    },
    "treedata\u000B": {
        "m_Position": {
            "x": 171.24615478515626,
            "y": 69.08616638183594,
            "z": -255.72064208984376
        },
        "m_Rotation": {
            "x": 0.0,
            "y": 0.0,
            "z": 0.0
        },
        "m_Scale": {
            "x": 5.0,
            "y": 5.0,
            "z": 5.0
        }
    },
    "treedata\f": {
        "m_Position": {
            "x": 219.59095764160157,
            "y": 51.121524810791019,
            "z": -341.4360656738281
        },
        "m_Rotation": {
            "x": 0.0,
            "y": 0.0,
            "z": 0.0
        },
        "m_Scale": {
            "x": 5.0,
            "y": 5.0,
            "z": 5.0
        }
    }
}