{
    "totalbase": 2,
    "basedata\u0001": {
        "m_Position": {
            "x": 137.77957153320313,
            "y": 74.82518768310547,
            "z": -195.19775390625
        },
        "m_Rotation": {
            "x": 0.0,
            "y": 0.0,
            "z": 0.0
        },
        "m_Scale": {
            "x": 1.0,
            "y": 1.0,
            "z": 1.0
        }
    }
}