{
    "totalbunker": 3,
    "bunkerdata\u0001": {
        "m_Position": {
            "x": 105.34381103515625,
            "y": 76.55618286132813,
            "z": -108.5085678100586
        },
        "m_Rotation": {
            "x": 0.0,
            "y": 0.0,
            "z": 0.0
        },
        "m_Scale": {
            "x": 1.0,
            "y": 1.0,
            "z": 1.0
        }
    },
    "bunkerdata\u0002": {
        "m_Position": {
            "x": 74.92005920410156,
            "y": 77.0562744140625,
            "z": -148.76626586914063
        },
        "m_Rotation": {
            "x": 0.0,
            "y": 0.0,
            "z": 0.0
        },
        "m_Scale": {
            "x": 1.0,
            "y": 1.0,
            "z": 1.0
        }
    }
}