{
    "totaldeadtree": 4,
    "deadtreedata\u0001": {
        "m_Position": {
            "x": 140.90570068359376,
            "y": 78.48663330078125,
            "z": -111.3958740234375
        },
        "m_Rotation": {
            "x": 0.0,
            "y": 0.0,
            "z": 0.0
        },
        "m_Scale": {
            "x": 1.0,
            "y": 1.0,
            "z": 1.0
        }
    },
    "deadtreedata\u0002": {
        "m_Position": {
            "x": 115.830810546875,
            "y": 77.98619079589844,
            "z": -187.827880859375
        },
        "m_Rotation": {
            "x": 0.0,
            "y": 0.0,
            "z": 0.0
        },
        "m_Scale": {
            "x": 1.0,
            "y": 1.0,
            "z": 1.0
        }
    },
    "deadtreedata\u0003": {
        "m_Position": {
            "x": 163.0580291748047,
            "y": 72.27729034423828,
            "z": -185.90692138671876
        },
        "m_Rotation": {
            "x": 0.0,
            "y": 0.0,
            "z": 0.0
        },
        "m_Scale": {
            "x": 1.0,
            "y": 1.0,
            "z": 1.0
        }
    }
}