{
    "totalfriend": 5,
    "frienddata\u0001": {
        "m_Position": {
            "x": 79.84786987304688,
            "y": 77.09329223632813,
            "z": -126.82747650146485
        },
        "m_Rotation": {
            "x": 0.0,
            "y": 0.0,
            "z": 0.0
        },
        "m_Scale": {
            "x": 1.0,
            "y": 1.0,
            "z": 1.0
        },
        "m_Weapontype": 0
    },
    "frienddata\u0002": {
        "m_Position": {
            "x": 85.97714233398438,
            "y": 78.1240005493164,
            "z": -115.449951171875
        },
        "m_Rotation": {
            "x": 0.0,
            "y": 0.0,
            "z": 0.0
        },
        "m_Scale": {
            "x": 1.0,
            "y": 1.0,
            "z": 1.0
        },
        "m_Weapontype": 0
    },
    "frienddata\u0003": {
        "m_Position": {
            "x": 91.34001159667969,
            "y": 78.39141845703125,
            "z": -107.20623016357422
        },
        "m_Rotation": {
            "x": 0.0,
            "y": 0.0,
            "z": 0.0
        },
        "m_Scale": {
            "x": 1.0,
            "y": 1.0,
            "z": 1.0
        },
        "m_Weapontype": 0
    },
    "frienddata\u0004": {
        "m_Position": {
            "x": -50.0,
            "y": 96.7190933227539,
            "z": -356.9346008300781
        },
        "m_Rotation": {
            "x": 0.0,
            "y": 0.0,
            "z": 0.0
        },
        "m_Scale": {
            "x": 1.0,
            "y": 1.0,
            "z": 1.0
        },
        "m_Weapontype": 0
    }
}