{
    "playerdata": {
        "m_Position": {
            "x": -31.750423431396486,
            "y": 78.80400848388672,
            "z": -45.99314880371094
        },
        "m_Rotation": {
            "x": 0.0,
            "y": 0.0,
            "z": 0.0
        },
        "m_Scale": {
            "x": 1.0,
            "y": 1.0,
            "z": 1.0
        },
        "m_Weapontype": 0,
        "m_Modelpass": "asset/model/player/chara.fbx"
    }
}