{
    "totaltree": 4,
    "treedata\u0001": {
        "m_Position": {
            "x": 159.2922821044922,
            "y": 76.34022521972656,
            "z": -142.7138214111328
        },
        "m_Rotation": {
            "x": 0.0,
            "y": 0.0,
            "z": 0.0
        },
        "m_Scale": {
            "x": 5.0,
            "y": 5.0,
            "z": 5.0
        }
    },
    "treedata\u0002": {
        "m_Position": {
            "x": 157.22621154785157,
            "y": 74.993408203125,
            "z": -211.22604370117188
        },
        "m_Rotation": {
            "x": 0.0,
            "y": 0.0,
            "z": 0.0
        },
        "m_Scale": {
            "x": 5.0,
            "y": 5.0,
            "z": 5.0
        }
    },
    "treedata\u0003": {
        "m_Position": {
            "x": 100.42729949951172,
            "y": 76.73461151123047,
            "z": -223.12939453125
        },
        "m_Rotation": {
            "x": 0.0,
            "y": 0.0,
            "z": 0.0
        },
        "m_Scale": {
            "x": 5.0,
            "y": 5.0,
            "z": 5.0
        }
    }
}